date,channel,campaign_type,impressions,clicks,conversions,spend
2026-01-01,Social,Brand,4174,174,11,290.4993510711928
2026-01-01,Social,Performance,4092,66,4,38.75027760465174
2026-01-01,Social,Retargeting,3135,73,4,107.7722877878994
2026-01-01,Search,Brand,4380,213,28,174.34234586170922
2026-01-01,Search,Performance,2215,110,12,155.92277148056635
2026-01-01,Search,Retargeting,3300,90,7,127.60014078752123
2026-01-01,Email,Brand,4753,56,8,47.55279259614556
2026-01-01,Email,Performance,4005,165,11,209.77302350736886
2026-01-01,Email,Retargeting,3879,111,15,168.77120517486532
2026-01-01,Display,Brand,3888,48,6,93.52550638136827
2026-01-01,Display,Performance,1241,31,1,26.23656289142993
2026-01-01,Display,Retargeting,3139,86,5,106.87782140435385
2026-01-02,Social,Brand,1034,47,3,70.20782104695573
2026-01-02,Social,Performance,4073,109,7,147.3190035985686
2026-01-02,Social,Retargeting,2500,121,15,231.0190578939003
2026-01-02,Search,Brand,2981,140,17,138.57356144922542
2026-01-02,Search,Performance,4533,80,4,79.03963969159172
2026-01-02,Search,Retargeting,3767,150,15,207.01901227436582
2026-01-02,Email,Brand,3264,69,7,49.08565728488794
2026-01-02,Email,Performance,3062,50,2,56.755111052977725
2026-01-02,Email,Retargeting,2152,38,1,65.48130142192555
2026-01-02,Display,Brand,3640,139,17,195.84265474184087
2026-01-02,Display,Performance,4561,111,6,199.20672040828632
2026-01-02,Display,Retargeting,2863,80,4,84.49819026379195
2026-01-03,Social,Brand,4645,106,13,154.37163794547888
2026-01-03,Social,Performance,2570,74,4,116.17017138175245
2026-01-03,Social,Retargeting,4840,188,13,166.21126701869338
2026-01-03,Search,Brand,3842,118,10,63.49918543370485
2026-01-03,Search,Performance,2484,44,6,53.374434730019374
2026-01-03,Search,Retargeting,2020,61,8,53.310238967122054
2026-01-03,Email,Brand,3796,119,8,227.79936234459961
2026-01-03,Email,Performance,4910,106,7,200.82192672246913
2026-01-03,Email,Retargeting,3604,78,4,92.4145447465005
2026-01-03,Display,Brand,2643,46,6,60.2146146921799
2026-01-03,Display,Performance,2529,37,3,68.82897850578935
2026-01-03,Display,Retargeting,2408,46,4,79.44301884865202
2026-01-04,Social,Brand,2768,61,4,79.36918187285295
2026-01-04,Social,Performance,1317,24,1,24.15414617053061
2026-01-04,Social,Retargeting,2998,50,3,66.85765015130059
2026-01-04,Search,Brand,4763,116,17,225.46582931992737
2026-01-04,Search,Performance,4581,173,20,124.92855832290728
2026-01-04,Search,Retargeting,3999,45,4,56.43083406794815
2026-01-04,Email,Brand,2589,29,2,42.09428349450932
2026-01-04,Email,Performance,2661,42,4,83.09597860896784
2026-01-04,Email,Retargeting,2439,82,4,86.46749809555276
2026-01-04,Display,Brand,1400,54,4,78.21677227807994
2026-01-04,Display,Performance,1197,31,4,52.62304831178163
2026-01-04,Display,Retargeting,4272,97,6,54.43278309621815
2026-01-05,Social,Brand,1659,38,2,59.53552334896701
2026-01-05,Social,Performance,2534,48,5,36.554382888359385
2026-01-05,Social,Retargeting,3976,102,10,179.1696462038212
2026-01-05,Search,Brand,2802,66,4,124.54466820957771
2026-01-05,Search,Performance,4369,88,10,151.8733304265605
2026-01-05,Search,Retargeting,2016,61,4,121.65721352785008
2026-01-05,Email,Brand,3301,151,21,218.89748007239518
2026-01-05,Email,Performance,3056,64,7,113.27946965487737
2026-01-05,Email,Retargeting,1403,63,8,92.1719905615802
2026-01-05,Display,Brand,1586,75,9,112.76117865535072
2026-01-05,Display,Performance,1253,12,0,17.943031843945008
2026-01-05,Display,Retargeting,2884,61,4,74.93365845313973
2026-01-06,Social,Brand,4234,152,11,238.3768624672382
2026-01-06,Social,Performance,3848,114,7,119.66616216366906
2026-01-06,Social,Retargeting,2415,106,12,143.36106793034
2026-01-06,Search,Brand,1459,44,4,38.53048002796855
2026-01-06,Search,Performance,2693,131,11,240.78714809230277
2026-01-06,Search,Retargeting,4354,119,10,174.6509501224558
2026-01-06,Email,Brand,3926,116,8,183.70666805550192
2026-01-06,Email,Performance,1658,54,6,30.531905512109134
2026-01-06,Email,Retargeting,4243,202,29,378.2039102367959
2026-01-06,Display,Brand,3146,125,18,124.51568212572131
2026-01-06,Display,Performance,1301,63,9,112.10939354166553
2026-01-06,Display,Retargeting,1190,26,1,23.470519418716115
2026-01-07,Social,Brand,4394,73,7,139.00894777060552
2026-01-07,Social,Performance,1569,74,4,60.18997765530498
2026-01-07,Social,Retargeting,3901,94,7,88.63597296707036
2026-01-07,Search,Brand,1784,78,4,121.94258663848389
2026-01-07,Search,Performance,4110,89,11,152.65013818967063
2026-01-07,Search,Retargeting,1920,66,3,33.51330141462469
2026-01-07,Email,Brand,1035,43,4,66.77686358312187
2026-01-07,Email,Performance,1399,16,2,8.662802524968914
2026-01-07,Email,Retargeting,4425,60,6,33.23480464170679
2026-01-07,Display,Brand,4736,76,11,133.63841923590743
2026-01-07,Display,Performance,3617,40,2,69.3560336395795
2026-01-07,Display,Retargeting,2077,65,5,113.2172278692899
2026-01-08,Social,Brand,2595,48,5,30.145017479551296
2026-01-08,Social,Performance,1876,33,3,51.1258544329761
2026-01-08,Social,Retargeting,3983,155,22,197.53983098002792
2026-01-08,Search,Brand,2693,31,2,35.65871429750451
2026-01-08,Search,Performance,2081,27,1,52.48726079445596
2026-01-08,Search,Retargeting,3838,104,12,61.0782008993172
2026-01-08,Email,Brand,1633,26,1,34.4198399235387
2026-01-08,Email,Performance,1559,26,3,37.89255315989067
2026-01-08,Email,Retargeting,2212,87,9,123.32955738358297
2026-01-08,Display,Brand,3294,39,4,28.780817187085724
2026-01-08,Display,Performance,4157,43,2,24.467170410403053
2026-01-08,Display,Retargeting,2008,45,6,34.33479321753035
2026-01-09,Social,Brand,3959,55,5,66.56142108939667
2026-01-09,Social,Performance,2312,66,7,37.75783349550634
2026-01-09,Social,Retargeting,2781,98,5,104.06805435009126
2026-01-09,Search,Brand,3809,180,18,235.6319110680169
2026-01-09,Search,Performance,1515,52,7,99.65162457576305
2026-01-09,Search,Retargeting,1895,67,8,101.55541840948968
2026-01-09,Email,Brand,4746,169,16,222.81385609158949
2026-01-09,Email,Performance,2636,92,12,135.90489851637474
2026-01-09,Email,Retargeting,2066,36,2,23.44201207438104
2026-01-09,Display,Brand,4969,57,6,57.27538537298612
2026-01-09,Display,Performance,1089,24,3,12.83778968648973
2026-01-09,Display,Retargeting,1417,28,2,43.10139506506145
2026-01-10,Social,Brand,2649,93,12,149.04241061064207
2026-01-10,Social,Performance,4348,211,22,239.5285532405195
2026-01-10,Social,Retargeting,3967,167,24,186.86072806631233
2026-01-10,Search,Brand,1977,39,4,70.22632152176874
2026-01-10,Search,Performance,4807,213,19,346.4033061593834
2026-01-10,Search,Retargeting,3264,63,5,81.99394624863824
2026-01-10,Email,Brand,1595,68,5,125.34336930661244
2026-01-10,Email,Performance,3224,39,5,69.057873929592
2026-01-10,Email,Retargeting,1264,28,4,53.92550017137736
2026-01-10,Display,Brand,1850,54,3,34.42803592793697
2026-01-10,Display,Performance,1395,32,3,52.11397741300864
2026-01-10,Display,Retargeting,4222,174,10,329.97249658438335
2026-01-11,Social,Brand,2209,27,2,31.38198530562177
2026-01-11,Social,Performance,2238,71,8,138.66143203324538
2026-01-11,Social,Retargeting,4080,165,18,107.52786234039057
2026-01-11,Search,Brand,2542,68,4,74.45846339933368
2026-01-11,Search,Performance,3842,146,8,91.57945938465703
2026-01-11,Search,Retargeting,3386,112,15,203.900474731254
2026-01-11,Email,Brand,2680,128,19,208.6486115697168
2026-01-11,Email,Performance,4141,158,15,168.58305885897434
2026-01-11,Email,Retargeting,3214,86,12,57.344475217493525
2026-01-11,Display,Brand,4522,91,8,123.50606794048396
2026-01-11,Display,Performance,2683,39,2,57.478802673789716
2026-01-11,Display,Retargeting,4072,151,11,166.15048523551366
2026-01-12,Social,Brand,2531,54,7,45.11126292007567
2026-01-12,Social,Performance,1133,47,6,62.69835522430221
2026-01-12,Social,Retargeting,1814,82,8,163.13466992267394
2026-01-12,Search,Brand,2252,45,5,27.591831928559426
2026-01-12,Search,Performance,3094,108,12,127.63565249237926
2026-01-12,Search,Retargeting,2396,90,7,144.50859528880758
2026-01-12,Email,Brand,4018,85,12,156.00863244609184
2026-01-12,Email,Performance,4019,57,4,43.007631783070856
2026-01-12,Email,Retargeting,3723,106,9,145.80132178428866
2026-01-12,Display,Brand,3779,92,6,108.54723686237868
2026-01-12,Display,Performance,4006,125,10,215.08656619505288
2026-01-12,Display,Retargeting,3779,78,4,47.91544441310209
2026-01-13,Social,Brand,1389,66,8,93.7281043976432
2026-01-13,Social,Performance,3497,46,6,61.05956320554083
2026-01-13,Social,Retargeting,2028,22,1,37.74825991580049
2026-01-13,Search,Brand,1223,60,5,97.46204699784649
2026-01-13,Search,Performance,2240,109,14,191.56674322027104
2026-01-13,Search,Retargeting,2633,30,1,15.615238417214876
2026-01-13,Email,Brand,3870,172,22,343.9271597078217
2026-01-13,Email,Performance,2893,134,14,212.95028965844148
2026-01-13,Email,Retargeting,1713,75,5,88.18621522238551
2026-01-13,Display,Brand,2901,58,4,47.02880546370091
2026-01-13,Display,Performance,1448,53,5,54.97393608361082
2026-01-13,Display,Retargeting,4143,45,4,54.64422203325846
2026-01-14,Social,Brand,1770,54,7,71.70445394073333
2026-01-14,Social,Performance,1388,18,2,24.928809222716175
2026-01-14,Social,Retargeting,3814,42,5,60.079501735268266
2026-01-14,Search,Brand,1577,66,9,94.10910749763191
2026-01-14,Search,Performance,3785,90,9,97.95294608846388
2026-01-14,Search,Retargeting,3906,53,6,70.02198139847937
2026-01-14,Email,Brand,4552,188,16,269.4284494642603
2026-01-14,Email,Performance,4634,175,22,208.0785370858703
2026-01-14,Email,Retargeting,4472,132,10,156.90887973517576
2026-01-14,Display,Brand,3593,125,10,101.7120233272214
2026-01-14,Display,Performance,1042,20,1,13.866391657319477
2026-01-14,Display,Retargeting,4254,142,12,219.60319319744647
2026-01-15,Social,Brand,1899,32,2,59.04584367548857
2026-01-15,Social,Performance,4266,130,19,182.37740213048724
2026-01-15,Social,Retargeting,4122,47,3,43.140618901753086
2026-01-15,Search,Brand,4900,55,5,71.58993905793315
2026-01-15,Search,Performance,1523,27,2,33.8883994696217
2026-01-15,Search,Retargeting,2836,64,3,78.18995782940415
2026-01-15,Email,Brand,3261,43,5,80.89626983430195
2026-01-15,Email,Performance,4644,46,6,28.831673529967055
2026-01-15,Email,Retargeting,2890,50,3,52.78540770935365
2026-01-15,Display,Brand,1725,33,4,42.79765482168993
2026-01-15,Display,Performance,4457,177,9,155.5220087233375
2026-01-15,Display,Retargeting,2030,76,10,123.45625044897896
2026-01-16,Social,Brand,2531,36,3,46.761332388571255
2026-01-16,Social,Performance,4086,57,7,44.08527160969441
2026-01-16,Social,Retargeting,2062,47,3,46.58856332854298
2026-01-16,Search,Brand,3859,74,6,89.61066349879174
2026-01-16,Search,Performance,4465,185,18,116.62037994426007
2026-01-16,Search,Retargeting,1110,43,4,59.33153553561896
2026-01-16,Email,Brand,3795,57,4,59.54353634208331
2026-01-16,Email,Performance,2305,79,5,98.54235219509941
2026-01-16,Email,Retargeting,2989,102,7,66.57271831092177
2026-01-16,Display,Brand,2733,67,6,119.0071605425327
2026-01-16,Display,Performance,4517,96,6,177.13422114620522
2026-01-16,Display,Retargeting,1758,21,1,32.45428606454228
2026-01-17,Social,Brand,1919,27,2,52.76355254765244
2026-01-17,Social,Performance,1003,10,1,12.361231688881766
2026-01-17,Social,Retargeting,3021,111,15,148.2010216868193
2026-01-17,Search,Brand,2415,70,9,56.53314381569321
2026-01-17,Search,Performance,2433,55,5,69.37785624146754
2026-01-17,Search,Retargeting,1112,34,4,56.15675457358478
2026-01-17,Email,Brand,2573,85,5,103.84536298648923
2026-01-17,Email,Performance,3026,102,8,120.50299974952225
2026-01-17,Email,Retargeting,1260,15,2,14.752961511931266
2026-01-17,Display,Brand,4713,63,4,31.756179994654154
2026-01-17,Display,Performance,3824,129,12,144.19121688749644
2026-01-17,Display,Retargeting,4677,66,8,106.85147802932309
2026-01-18,Social,Brand,2969,44,5,83.9304701501885
2026-01-18,Social,Performance,3635,91,12,143.9979291775493
2026-01-18,Social,Retargeting,4643,202,12,341.9659954935467
2026-01-18,Search,Brand,3317,139,18,108.36543974532805
2026-01-18,Search,Performance,3898,142,14,147.43089311830605
2026-01-18,Search,Retargeting,2772,92,10,108.36890697926742
2026-01-18,Email,Brand,1615,40,3,38.08267244984853
2026-01-18,Email,Performance,2046,56,6,57.85044595274525
2026-01-18,Email,Retargeting,4054,102,10,189.69023297757568
2026-01-18,Display,Brand,4110,60,8,86.49372477642761
2026-01-18,Display,Performance,3601,56,7,80.08611149799513
2026-01-18,Display,Retargeting,3035,120,12,239.5846708662918
2026-01-19,Social,Brand,4512,101,7,163.20786332476055
2026-01-19,Social,Performance,2277,41,4,50.879861458548056
2026-01-19,Social,Retargeting,2865,67,8,44.618489563998324
2026-01-19,Search,Brand,3275,92,10,115.31579194982918
2026-01-19,Search,Performance,4719,75,5,118.75341394421997
2026-01-19,Search,Retargeting,1129,11,1,14.830887730829069
2026-01-19,Email,Brand,1793,35,2,27.033880132074845
2026-01-19,Email,Performance,2865,67,4,76.07148467325852
2026-01-19,Email,Retargeting,1345,64,4,88.27806387361254
2026-01-19,Display,Brand,4005,56,4,88.99202922924167
2026-01-19,Display,Performance,3730,176,18,271.91581750349957
2026-01-19,Display,Retargeting,3935,42,4,69.5885401167435
2026-01-20,Social,Brand,4870,166,15,266.37461467055596
2026-01-20,Social,Performance,4367,190,26,130.00107282603412
2026-01-20,Social,Retargeting,2636,130,17,89.30922283463703
2026-01-20,Search,Brand,3872,90,7,75.6984088184102
2026-01-20,Search,Performance,2934,76,4,76.2124855476327
2026-01-20,Search,Retargeting,4507,187,20,125.55197766562041
2026-01-20,Email,Brand,3291,103,14,105.010456129541
2026-01-20,Email,Performance,4281,125,17,172.57529202560633
2026-01-20,Email,Retargeting,1954,54,3,41.28734590700409
2026-01-20,Display,Brand,2990,49,2,47.39327807825767
2026-01-20,Display,Performance,1284,42,4,21.824950765065022
2026-01-20,Display,Retargeting,2492,76,11,90.3247446339395
2026-01-21,Social,Brand,1147,30,1,59.85934133306763
2026-01-21,Social,Performance,3608,79,6,86.58219668172535
2026-01-21,Social,Retargeting,3482,64,8,51.69340548627269
2026-01-21,Search,Brand,3332,116,10,203.5622775128659
2026-01-21,Search,Performance,4090,51,6,60.17659585822411
2026-01-21,Search,Retargeting,1193,37,3,46.084163159579326
2026-01-21,Email,Brand,1946,31,2,55.57303137712856
2026-01-21,Email,Performance,4942,198,15,365.5368317162086
2026-01-21,Email,Retargeting,3209,84,4,61.675227268139984
2026-01-21,Display,Brand,2201,98,8,130.10322150312294
2026-01-21,Display,Performance,2858,54,6,28.5965535581035
2026-01-21,Display,Retargeting,4125,97,10,177.62550020571467
2026-01-22,Social,Brand,4675,91,5,78.69300407142549
2026-01-22,Social,Performance,4149,141,18,274.10033087435596
2026-01-22,Social,Retargeting,2523,92,6,86.45438677601983
2026-01-22,Search,Brand,1943,26,2,41.70027991464409
2026-01-22,Search,Performance,4156,45,3,61.85530536545422
2026-01-22,Search,Retargeting,3747,142,20,204.07415073221247
2026-01-22,Email,Brand,4594,93,8,128.8461444808157
2026-01-22,Email,Performance,1395,60,5,99.64510708812062
2026-01-22,Email,Retargeting,1904,52,4,99.97935794304821
2026-01-22,Display,Brand,3901,160,9,215.78638879197453
2026-01-22,Display,Performance,3106,142,18,161.57047645194675
2026-01-22,Display,Retargeting,4186,127,15,196.63013502715228
2026-01-23,Social,Brand,2304,46,2,80.61018633915164
2026-01-23,Social,Performance,3051,46,6,70.69430817506615
2026-01-23,Social,Retargeting,1804,19,2,12.855905862369022
2026-01-23,Search,Brand,2379,71,4,78.65892137494886
2026-01-23,Search,Performance,4045,174,12,89.86991127986342
2026-01-23,Search,Retargeting,3074,141,19,196.8528711090202
2026-01-23,Email,Brand,3315,117,11,159.11316337048484
2026-01-23,Email,Performance,4472,119,10,152.1268103929865
2026-01-23,Email,Retargeting,2599,62,9,48.14649562314358
2026-01-23,Display,Brand,1692,57,4,61.78477500058899
2026-01-23,Display,Performance,2319,63,8,99.68485537602008
2026-01-23,Display,Retargeting,3791,123,12,183.9473300094086
2026-01-24,Social,Brand,1757,27,2,24.431404506883894
2026-01-24,Social,Performance,1750,35,3,20.199855207923147
2026-01-24,Social,Retargeting,4005,193,12,276.95477348699484
2026-01-24,Search,Brand,4521,64,3,101.90612059554593
2026-01-24,Search,Performance,2240,85,9,101.10939287704421
2026-01-24,Search,Retargeting,4874,208,27,320.7452989065811
2026-01-24,Email,Brand,4549,46,2,44.707162419849354
2026-01-24,Email,Performance,3864,59,8,68.97151090677907
2026-01-24,Email,Retargeting,4886,65,9,106.44326035970394
2026-01-24,Display,Brand,3708,149,18,216.92125808295032
2026-01-24,Display,Performance,2223,44,4,36.59982316009375
2026-01-24,Display,Retargeting,4993,60,7,33.97488939390902
2026-01-25,Social,Brand,2039,95,6,128.4321953537497
2026-01-25,Social,Performance,1249,28,1,44.70299420124783
2026-01-25,Social,Retargeting,3930,184,27,352.61755099530774
2026-01-25,Search,Brand,3641,144,7,170.3110359678097
2026-01-25,Search,Performance,2466,106,5,147.80691067864643
2026-01-25,Search,Retargeting,4042,131,12,239.40217705682474
2026-01-25,Email,Brand,2194,51,6,30.49976007111909
2026-01-25,Email,Performance,4598,193,20,288.04917318581676
2026-01-25,Email,Retargeting,4468,156,21,222.11198603465928
2026-01-25,Display,Brand,3941,105,10,208.47875685132988
2026-01-25,Display,Performance,1250,56,5,106.88168667508329
2026-01-25,Display,Retargeting,4810,61,3,35.32057099191642
2026-01-26,Social,Brand,3032,79,7,113.85939739137686
2026-01-26,Social,Performance,4511,94,8,59.92960625071165
2026-01-26,Social,Retargeting,4430,136,16,68.68265785676776
2026-01-26,Search,Brand,4500,108,8,102.0019155138704
2026-01-26,Search,Performance,2981,100,7,186.55086530863014
2026-01-26,Search,Retargeting,2998,81,7,123.07714484720798
2026-01-26,Email,Brand,4211,203,26,180.36021741275226
2026-01-26,Email,Performance,4451,118,16,226.21756794557962
2026-01-26,Email,Retargeting,1010,46,6,74.29134477966007
2026-01-26,Display,Brand,1771,34,4,50.13197909861079
2026-01-26,Display,Performance,1884,81,5,46.20386089345928
2026-01-26,Display,Retargeting,1824,34,2,56.75880815190442
2026-01-27,Social,Brand,4845,203,22,167.37066501463053
2026-01-27,Social,Performance,2544,119,17,90.54030198567848
2026-01-27,Social,Retargeting,4561,139,13,277.236009255702
2026-01-27,Search,Brand,1002,42,3,35.100509733825255
2026-01-27,Search,Performance,3030,34,4,60.866467637314116
2026-01-27,Search,Retargeting,2290,103,7,71.51005533819324
2026-01-27,Email,Brand,4720,55,7,30.42234539452997
2026-01-27,Email,Performance,2486,90,9,56.743212588040365
2026-01-27,Email,Retargeting,1983,39,1,60.19928613171038
2026-01-27,Display,Brand,2199,65,3,53.96786219010661
2026-01-27,Display,Performance,4020,184,27,108.97869924202888
2026-01-27,Display,Retargeting,2324,67,7,116.38043707547749
2026-01-28,Social,Brand,2591,94,9,168.89349612333612
2026-01-28,Social,Performance,2312,104,13,154.71848620671437
2026-01-28,Social,Retargeting,3400,55,3,55.05573249648213
2026-01-28,Search,Brand,3604,136,16,194.19672115589762
2026-01-28,Search,Performance,3469,60,8,116.51837593664166
2026-01-28,Search,Retargeting,3808,42,5,29.11880165082705
2026-01-28,Email,Brand,3410,65,9,32.60921086931068
2026-01-28,Email,Performance,4329,187,18,95.29123701657181
2026-01-28,Email,Retargeting,2247,30,2,40.19299405389732
2026-01-28,Display,Brand,1359,27,3,35.36940787849215
2026-01-28,Display,Performance,1674,25,1,13.191039452683157
2026-01-28,Display,Retargeting,2256,109,9,157.93367952740053
2026-01-29,Social,Brand,2245,90,11,68.45671916652152
2026-01-29,Social,Performance,1483,18,1,28.120646393422604
2026-01-29,Social,Retargeting,1917,73,7,42.84229043118841
2026-01-29,Search,Brand,4191,49,6,96.05143923453868
2026-01-29,Search,Performance,1284,35,4,48.705782609498634
2026-01-29,Search,Retargeting,3507,38,1,37.44578249152385
2026-01-29,Email,Brand,3126,133,10,66.70538122920387
2026-01-29,Email,Performance,4553,95,14,108.23083556862615
2026-01-29,Email,Retargeting,3444,152,15,264.3099346023764
2026-01-29,Display,Brand,2098,39,2,59.30920917137072
2026-01-29,Display,Performance,4093,62,8,120.58100876993225
2026-01-29,Display,Retargeting,4511,123,17,138.93968997286956
2026-01-30,Social,Brand,1083,28,2,55.327061214312785
2026-01-30,Social,Performance,4328,98,11,158.63804076855175
2026-01-30,Social,Retargeting,4234,47,5,49.48110723252516
2026-01-30,Search,Brand,2294,66,6,48.765328089647184
2026-01-30,Search,Performance,1984,88,11,145.76168349301486
2026-01-30,Search,Retargeting,2709,84,4,142.39652631086747
2026-01-30,Email,Brand,2963,33,4,47.02419056877653
2026-01-30,Email,Performance,4629,131,6,183.0713075965569
2026-01-30,Email,Retargeting,4965,185,17,148.14561165934344
2026-01-30,Display,Brand,2016,33,3,32.63331046562771
2026-01-30,Display,Performance,3433,143,11,169.14472197804633
2026-01-30,Display,Retargeting,1071,30,3,32.79952877459859
2026-01-31,Social,Brand,4566,155,12,239.08328852442114
2026-01-31,Social,Performance,3848,185,26,293.4891730050793
2026-01-31,Social,Retargeting,4762,67,4,132.6595906233482
2026-01-31,Search,Brand,2695,28,2,22.83468235659248
2026-01-31,Search,Performance,3720,120,6,118.76303548391854
2026-01-31,Search,Retargeting,1001,31,4,19.33664685147959
2026-01-31,Email,Brand,3636,47,4,32.85646066003576
2026-01-31,Email,Performance,3918,70,8,121.25127644103597
2026-01-31,Email,Retargeting,1105,18,1,26.18361673767819
2026-01-31,Display,Brand,2986,136,14,193.78733469994472
2026-01-31,Display,Performance,3270,103,12,186.06472961877023
2026-01-31,Display,Retargeting,2713,94,12,133.32837600924327
2026-02-01,Social,Brand,4116,54,7,71.35498246845263
2026-02-01,Social,Performance,5262,217,21,121.76546153309988
2026-02-01,Social,Retargeting,5725,224,13,132.27830022082944
2026-02-01,Search,Brand,3134,112,10,159.4446596862968
2026-02-01,Search,Performance,4218,206,17,159.27443594780806
2026-02-01,Search,Retargeting,4702,128,6,95.04112847618612
2026-02-01,Email,Brand,2989,115,8,229.36760051978797
2026-02-01,Email,Performance,3920,116,6,128.16747683554672
2026-02-01,Email,Retargeting,1444,18,0,15.95743798980277
2026-02-01,Display,Brand,2355,39,5,43.83058091959603
2026-02-01,Display,Performance,3071,82,6,86.63776784710613
2026-02-01,Display,Retargeting,3579,108,11,137.26733058501344
2026-02-02,Social,Brand,5625,154,18,189.42052546910634
2026-02-02,Social,Performance,4350,147,19,217.92955921247992
2026-02-02,Social,Retargeting,2104,70,9,57.11952984559499
2026-02-02,Search,Brand,4308,123,16,105.00364133547423
2026-02-02,Search,Performance,1793,69,9,53.09720176807004
2026-02-02,Search,Retargeting,1939,48,4,53.73824457463419
2026-02-02,Email,Brand,4052,111,6,122.93596304687354
2026-02-02,Email,Performance,1013,30,2,41.68278831457173
2026-02-02,Email,Retargeting,1837,66,5,72.505548667574
2026-02-02,Display,Brand,4234,153,12,254.01208234507484
2026-02-02,Display,Performance,4747,231,22,197.29148554954975
2026-02-02,Display,Retargeting,4778,132,10,154.8579596186178
2026-02-03,Social,Brand,4669,201,18,175.4873531851704
2026-02-03,Social,Performance,3247,155,11,161.02579889052708
2026-02-03,Social,Retargeting,2768,31,3,46.36691053441393
2026-02-03,Search,Brand,3212,132,15,154.38099200949196
2026-02-03,Search,Performance,2390,106,7,70.79521948423873
2026-02-03,Search,Retargeting,4953,245,15,207.44061031716012
2026-02-03,Email,Brand,1281,14,0,16.49617959395214
2026-02-03,Email,Performance,4828,65,3,89.5053932931524
2026-02-03,Email,Retargeting,2035,32,4,62.325697428930184
2026-02-03,Display,Brand,4882,52,4,101.90162434948702
2026-02-03,Display,Performance,4110,115,11,141.8260350943187
2026-02-03,Display,Retargeting,4499,140,8,97.87007730204824
2026-02-04,Social,Brand,1568,59,4,89.09877034925518
2026-02-04,Social,Performance,3639,63,7,46.25748333286044
2026-02-04,Social,Retargeting,2857,127,8,195.44524389908435
2026-02-04,Search,Brand,3358,165,14,86.83520773836041
2026-02-04,Search,Performance,4216,182,24,300.805786514995
2026-02-04,Search,Retargeting,1986,93,11,140.87361731592588
2026-02-04,Email,Brand,4218,200,26,300.0914550972722
2026-02-04,Email,Performance,3408,48,5,95.957788255488
2026-02-04,Email,Retargeting,1574,77,6,139.07202351395344
2026-02-04,Display,Brand,3632,49,3,32.51955793478261
2026-02-04,Display,Performance,4681,122,10,183.169589558136
2026-02-04,Display,Retargeting,4525,208,28,202.96506363080437
2026-02-05,Social,Brand,2865,122,7,160.64150492683547
2026-02-05,Social,Performance,3148,72,8,101.861834993859
2026-02-05,Social,Retargeting,3828,144,12,168.9178224864666
2026-02-05,Search,Brand,1304,41,3,21.402024008345222
2026-02-05,Search,Performance,4338,148,17,211.52685681413442
2026-02-05,Search,Retargeting,3989,119,12,229.33892290037943
2026-02-05,Email,Brand,2473,72,3,72.8547653836249
2026-02-05,Email,Performance,1011,16,1,13.905671811151958
2026-02-05,Email,Retargeting,2763,94,11,161.6309891589692
2026-02-05,Display,Brand,3545,136,13,235.76825743867983
2026-02-05,Display,Performance,3666,37,4,68.34069546672427
2026-02-05,Display,Retargeting,3840,138,12,109.81090420058561
2026-02-06,Social,Brand,1368,32,1,39.32184444094363
2026-02-06,Social,Performance,4866,150,17,284.16132241994757
2026-02-06,Social,Retargeting,2614,82,6,116.07105534724298
2026-02-06,Search,Brand,2681,69,10,119.69851061415085
2026-02-06,Search,Performance,1349,23,2,17.75962299549913
2026-02-06,Search,Retargeting,3956,68,5,114.9275403310794
2026-02-06,Email,Brand,1444,29,4,35.53423563231673
2026-02-06,Email,Performance,2798,119,10,153.48010615644992
2026-02-06,Email,Retargeting,3606,173,19,299.0795090212521
2026-02-06,Display,Brand,3773,127,16,186.67842650705484
2026-02-06,Display,Performance,1983,52,6,96.20180362504487
2026-02-06,Display,Retargeting,1719,55,4,52.419991401370595
2026-02-07,Social,Brand,4453,191,17,286.7530461470063
2026-02-07,Social,Performance,1374,55,3,62.47544706534741
2026-02-07,Social,Retargeting,1896,31,3,55.62006410576013
2026-02-07,Search,Brand,1630,51,3,49.3887916327329
2026-02-07,Search,Performance,3466,118,12,100.05463601252764
2026-02-07,Search,Retargeting,3637,128,7,91.22068355720356
2026-02-07,Email,Brand,2343,36,4,39.83321347763177
2026-02-07,Email,Performance,4445,123,15,64.41899143074995
2026-02-07,Email,Retargeting,4351,65,3,103.12303467005226
2026-02-07,Display,Brand,3601,166,21,148.9589663619466
2026-02-07,Display,Performance,2764,126,8,124.11722523983343
2026-02-07,Display,Retargeting,2914,69,7,80.28942842574929
2026-02-08,Social,Brand,4650,59,7,50.18351924907332
2026-02-08,Social,Performance,3835,79,8,120.09563383575899
2026-02-08,Social,Retargeting,5859,134,11,201.56687799483623
2026-02-08,Search,Brand,3774,94,8,187.36274918930025
2026-02-08,Search,Performance,2494,71,3,95.38461089099738
2026-02-08,Search,Retargeting,4619,223,25,363.99325077021354
2026-02-08,Email,Brand,1310,41,2,48.19781257987839
2026-02-08,Email,Performance,3959,39,3,76.90232789914178
2026-02-08,Email,Retargeting,3562,167,12,183.5286369102317
2026-02-08,Display,Brand,4175,45,5,74.38048682322432
2026-02-08,Display,Performance,3368,147,15,211.0006442046085
2026-02-08,Display,Retargeting,4025,167,22,235.92584637127771
2026-02-09,Social,Brand,4208,173,20,95.88361874617577
2026-02-09,Social,Performance,1776,33,2,35.35502151279387
2026-02-09,Social,Retargeting,4580,217,22,207.9481631191867
2026-02-09,Search,Brand,2203,46,6,83.2602296589455
2026-02-09,Search,Performance,1261,58,5,115.3177472896282
2026-02-09,Search,Retargeting,4172,106,10,116.15142561124455
2026-02-09,Email,Brand,3725,159,14,288.89687542614905
2026-02-09,Email,Performance,2693,104,6,85.06926858074921
2026-02-09,Email,Retargeting,4597,60,5,45.617206348785786
2026-02-09,Display,Brand,1129,21,3,28.550805011321753
2026-02-09,Display,Performance,1265,54,3,96.82317306408243
2026-02-09,Display,Retargeting,1163,39,2,72.0483051966233
2026-02-10,Social,Brand,1484,25,2,27.44986354146174
2026-02-10,Social,Performance,2457,90,5,109.56159311148976
2026-02-10,Social,Retargeting,2355,36,5,47.67459493833091
2026-02-10,Search,Brand,4871,72,7,137.13651077943535
2026-02-10,Search,Performance,4603,126,7,184.11617347644898
2026-02-10,Search,Retargeting,2884,30,3,31.415919861503824
2026-02-10,Email,Brand,3334,41,5,48.77772606181319
2026-02-10,Email,Performance,1641,48,6,68.60383810134631
2026-02-10,Email,Retargeting,2486,122,9,87.0316344697569
2026-02-10,Display,Brand,2352,97,7,74.36500943235662
2026-02-10,Display,Performance,1399,17,1,33.91576977325091
2026-02-10,Display,Retargeting,3832,73,5,55.52590922502125
2026-02-11,Social,Brand,1702,52,4,36.19540938573556
2026-02-11,Social,Performance,5638,147,16,151.60909101807277
2026-02-11,Social,Retargeting,3842,102,13,163.24300022589452
2026-02-11,Search,Brand,3645,176,13,123.32418637778501
2026-02-11,Search,Performance,3452,37,2,60.69608518327849
2026-02-11,Search,Retargeting,4897,86,9,84.7315509435801
2026-02-11,Email,Brand,3009,59,8,100.43603440164458
2026-02-11,Email,Performance,1172,13,1,11.684097164759113
2026-02-11,Email,Retargeting,3442,96,12,62.123891632931226
2026-02-11,Display,Brand,4865,73,9,63.160837540332956
2026-02-11,Display,Performance,1593,46,4,50.218863221332434
2026-02-11,Display,Retargeting,4493,115,16,80.46751322072173
2026-02-12,Social,Brand,3886,161,13,246.68453151989993
2026-02-12,Social,Performance,1885,24,1,45.49147985416165
2026-02-12,Social,Retargeting,3934,111,12,165.2824280472628
2026-02-12,Search,Brand,3773,133,14,79.79708209185766
2026-02-12,Search,Performance,1855,84,5,166.52268414601656
2026-02-12,Search,Retargeting,3134,116,6,72.75381079196977
2026-02-12,Email,Brand,3090,112,14,73.7017457040714
2026-02-12,Email,Performance,4088,197,24,202.88579121235995
2026-02-12,Email,Retargeting,1365,67,9,128.20269666215586
2026-02-12,Display,Brand,3546,61,4,39.50320194877585
2026-02-12,Display,Performance,3397,146,8,165.9210180087905
2026-02-12,Display,Retargeting,4694,62,9,58.47636430540008
2026-02-13,Social,Brand,5806,110,16,165.11281567766068
2026-02-13,Social,Performance,2354,34,3,56.50632281252719
2026-02-13,Social,Retargeting,3859,186,18,342.93227266675507
2026-02-13,Search,Brand,2801,117,9,230.4847928024783
2026-02-13,Search,Performance,3421,100,14,128.11522127513192
2026-02-13,Search,Retargeting,4359,158,9,159.16939892069612
2026-02-13,Email,Brand,1935,65,3,69.15930676927786
2026-02-13,Email,Performance,1845,50,5,95.73068783085307
2026-02-13,Email,Retargeting,3461,163,19,202.78369655723228
2026-02-13,Display,Brand,3160,113,8,194.8030061551806
2026-02-13,Display,Performance,4702,212,16,278.99727218011503
2026-02-13,Display,Retargeting,3196,128,12,225.66372215489181
2026-02-14,Social,Brand,5317,171,11,99.31463009499369
2026-02-14,Social,Performance,1506,47,6,89.58585868804688
2026-02-14,Social,Retargeting,5841,228,13,348.37192151162867
2026-02-14,Search,Brand,3483,148,10,186.29929783530602
2026-02-14,Search,Performance,1087,25,2,40.931937915370156
2026-02-14,Search,Retargeting,2376,72,5,97.02237522877374
2026-02-14,Email,Brand,3460,47,5,85.33826012655398
2026-02-14,Email,Performance,4300,70,6,35.9798200818448
2026-02-14,Email,Retargeting,3176,125,17,114.60664323416273
2026-02-14,Display,Brand,2506,65,8,52.393474376317634
2026-02-14,Display,Performance,4081,161,21,229.01724504238345
2026-02-14,Display,Retargeting,4137,100,12,133.1339771198025
2026-02-15,Social,Brand,4374,192,25,335.81197517194846
2026-02-15,Social,Performance,3596,65,9,68.37422325195324
2026-02-15,Social,Retargeting,4360,175,23,210.95875170171874
2026-02-15,Search,Brand,4282,213,18,249.83109658997637
2026-02-15,Search,Performance,2043,84,6,59.36568529406366
2026-02-15,Search,Retargeting,4813,127,15,64.11307921661508
2026-02-15,Email,Brand,3085,51,3,55.15702999840516
2026-02-15,Email,Performance,3320,111,10,162.44720006322035
2026-02-15,Email,Retargeting,4799,67,4,104.14581581835701
2026-02-15,Display,Brand,4959,169,19,288.56471141907514
2026-02-15,Display,Performance,3206,35,2,50.91575918008059
2026-02-15,Display,Retargeting,3258,40,3,67.09381862668805
2026-02-16,Social,Brand,2396,44,5,56.339574076631166
2026-02-16,Social,Performance,5707,90,7,103.59261443347316
2026-02-16,Social,Retargeting,2602,64,3,108.93122391867382
2026-02-16,Search,Brand,2326,116,16,169.80634471912333
2026-02-16,Search,Performance,3448,122,12,93.6202014435494
2026-02-16,Search,Retargeting,1398,36,4,38.72697940438438
2026-02-16,Email,Brand,3184,152,10,204.9453920020884
2026-02-16,Email,Performance,1137,26,1,13.943478791762857
2026-02-16,Email,Retargeting,3301,110,13,208.3867922744879
2026-02-16,Display,Brand,3610,171,12,195.70697246753681
2026-02-16,Display,Performance,1580,69,4,117.57358256385602
2026-02-16,Display,Retargeting,4145,196,23,283.5641699112717
2026-02-17,Social,Brand,1964,76,7,87.80098009813047
2026-02-17,Social,Performance,5260,54,3,45.24311988374767
2026-02-17,Social,Retargeting,5322,82,10,121.80548422085816
2026-02-17,Search,Brand,1547,16,1,9.070277800951077
2026-02-17,Search,Performance,2365,48,3,89.25032979751464
2026-02-17,Search,Retargeting,1631,79,6,90.32309514503308
2026-02-17,Email,Brand,4800,197,11,242.57728773048504
2026-02-17,Email,Performance,2719,32,3,42.97565667840672
2026-02-17,Email,Retargeting,4604,144,13,147.02615847191004
2026-02-17,Display,Brand,3686,71,8,93.8961421668642
2026-02-17,Display,Performance,2495,80,11,46.270945514322854
2026-02-17,Display,Retargeting,3539,146,16,181.29136775362537
2026-02-18,Social,Brand,3681,74,8,58.98883723633116
2026-02-18,Social,Performance,4837,113,9,217.02259992171355
2026-02-18,Social,Retargeting,3517,84,5,61.057100420601756
2026-02-18,Search,Brand,4779,127,7,193.7551571124266
2026-02-18,Search,Performance,3336,103,6,184.3915826224877
2026-02-18,Search,Retargeting,4001,126,16,166.7305061200911
2026-02-18,Email,Brand,2633,34,3,41.7195106436324
2026-02-18,Email,Performance,1852,28,3,23.075799033782918
2026-02-18,Email,Retargeting,3889,110,10,162.41062207990745
2026-02-18,Display,Brand,4157,89,11,59.4434462573743
2026-02-18,Display,Performance,1570,44,2,73.89436115934619
2026-02-18,Display,Retargeting,1959,46,6,60.59449537683158
2026-02-19,Social,Brand,2509,101,10,81.53951303383295
2026-02-19,Social,Performance,3912,142,9,125.4200824116438
2026-02-19,Social,Retargeting,5342,149,22,247.04478845528286
2026-02-19,Search,Brand,1446,46,2,46.71276029002811
2026-02-19,Search,Performance,2067,65,6,42.78368574577148
2026-02-19,Search,Retargeting,4507,126,11,80.65410670333087
2026-02-19,Email,Brand,3756,182,12,233.86898931616437
2026-02-19,Email,Performance,4991,121,15,110.6741668408864
2026-02-19,Email,Retargeting,4143,173,15,323.9658727516277
2026-02-19,Display,Brand,2127,65,6,86.88746871309714
2026-02-19,Display,Performance,3433,77,10,143.15954592544603
2026-02-19,Display,Retargeting,2649,44,4,61.47543353835519
2026-02-20,Social,Brand,2416,41,5,60.73899196798516
2026-02-20,Social,Performance,5628,126,16,245.90586077254048
2026-02-20,Social,Retargeting,3372,152,19,191.18714437547354
2026-02-20,Search,Brand,4087,202,19,138.09747120275912
2026-02-20,Search,Performance,1669,59,3,107.550606609961
2026-02-20,Search,Retargeting,2758,99,6,151.4988581547418
2026-02-20,Email,Brand,3178,98,11,179.8679337936169
2026-02-20,Email,Performance,4453,112,16,112.58920431266534
2026-02-20,Email,Retargeting,1264,54,5,84.52966668848823
2026-02-20,Display,Brand,4448,128,16,152.17891785725706
2026-02-20,Display,Performance,3772,76,10,138.29969819049325
2026-02-20,Display,Retargeting,2821,47,5,81.73146399591977
2026-02-21,Social,Brand,1426,55,5,102.19218962792431
2026-02-21,Social,Performance,4024,112,13,165.39279426012126
2026-02-21,Social,Retargeting,5096,168,20,287.1613620129553
2026-02-21,Search,Brand,3909,192,21,132.3642455705768
2026-02-21,Search,Performance,3319,47,3,23.769107955766472
2026-02-21,Search,Retargeting,2070,35,4,29.426926743734533
2026-02-21,Email,Brand,1967,25,1,25.26425347500031
2026-02-21,Email,Performance,1441,43,3,35.2155622759357
2026-02-21,Email,Retargeting,3274,132,11,216.3312491460469
2026-02-21,Display,Brand,3019,135,17,227.160587008793
2026-02-21,Display,Performance,1844,84,9,152.15256724143228
2026-02-21,Display,Retargeting,3266,105,6,122.911248149512
2026-02-22,Social,Brand,4316,82,7,56.84839157603135
2026-02-22,Social,Performance,3218,157,9,178.01015486746297
2026-02-22,Social,Retargeting,1536,41,2,79.92396975846809
2026-02-22,Search,Brand,1661,73,5,136.2293327000087
2026-02-22,Search,Performance,2449,92,12,181.4882196699666
2026-02-22,Search,Retargeting,4789,187,15,326.1452034929066
2026-02-22,Email,Brand,2531,89,8,73.6621649149215
2026-02-22,Email,Performance,2460,77,4,66.43873716389591
2026-02-22,Email,Retargeting,3367,110,8,191.0482433343603
2026-02-22,Display,Brand,1820,39,3,62.9768021257988
2026-02-22,Display,Performance,2731,34,4,61.74034990413516
2026-02-22,Display,Retargeting,4708,158,21,122.92325254830531
2026-02-23,Social,Brand,2032,63,8,58.4599369747664
2026-02-23,Social,Performance,3978,132,19,235.4278265798328
2026-02-23,Social,Retargeting,3348,121,9,100.47089219998269
2026-02-23,Search,Brand,4755,69,4,128.6463758116873
2026-02-23,Search,Performance,2347,105,5,203.04235618601848
2026-02-23,Search,Retargeting,2031,62,5,60.47603266457409
2026-02-23,Email,Brand,4659,133,8,134.4927321080744
2026-02-23,Email,Performance,1819,50,5,72.34806648189915
2026-02-23,Email,Retargeting,2811,116,13,175.69818704688024
2026-02-23,Display,Brand,3395,48,4,59.11202894073104
2026-02-23,Display,Performance,3901,79,6,95.53831023809221
2026-02-23,Display,Retargeting,2384,72,8,43.66067934244752
2026-02-24,Social,Brand,5683,57,3,80.14812838958925
2026-02-24,Social,Performance,1538,23,1,45.01787783608624
2026-02-24,Social,Retargeting,3768,108,12,130.09848960449077
2026-02-24,Search,Brand,2455,52,3,66.29266501878638
2026-02-24,Search,Performance,1997,88,4,153.99785343443764
2026-02-24,Search,Retargeting,1403,20,1,34.07757038739439
2026-02-24,Email,Brand,2968,55,4,31.161991204095493
2026-02-24,Email,Performance,3280,84,4,119.75038103084296
2026-02-24,Email,Retargeting,1855,57,7,77.6436518896075
2026-02-24,Display,Brand,2574,76,9,151.181119645894
2026-02-24,Display,Performance,2356,111,7,120.4137467647671
2026-02-24,Display,Retargeting,1018,26,3,40.847273134207406
2026-02-25,Social,Brand,5206,192,15,302.9076181877958
2026-02-25,Social,Performance,2384,102,5,148.36940963806128
2026-02-25,Social,Retargeting,2839,109,14,61.13135358855541
2026-02-25,Search,Brand,2875,107,6,115.10614072871923
2026-02-25,Search,Performance,3686,134,7,186.86062529093402
2026-02-25,Search,Retargeting,1935,77,4,47.76079162645984
2026-02-25,Email,Brand,3702,148,13,217.433350851124
2026-02-25,Email,Performance,1201,29,3,14.940706505206837
2026-02-25,Email,Retargeting,1209,18,1,13.166682262643143
2026-02-25,Display,Brand,1770,68,4,126.05023734315586
2026-02-25,Display,Performance,2701,116,17,200.68219746676795
2026-02-25,Display,Retargeting,1267,27,2,36.8765954127493
2026-02-26,Social,Brand,4839,224,29,184.5932586439269
2026-02-26,Social,Performance,4761,186,21,328.923617274184
2026-02-26,Social,Retargeting,2953,130,11,80.13485572263097
2026-02-26,Search,Brand,3120,69,8,80.70441994756376
2026-02-26,Search,Performance,2889,73,6,99.9296657433477
2026-02-26,Search,Retargeting,2064,56,4,76.90469471390557
2026-02-26,Email,Brand,3041,75,3,81.70960035134526
2026-02-26,Email,Performance,2943,73,4,83.64296256161172
2026-02-26,Email,Retargeting,4267,50,6,95.99833254951598
2026-02-26,Display,Brand,2810,30,3,43.66060428546344
2026-02-26,Display,Performance,2450,62,8,86.4269623230638
2026-02-26,Display,Retargeting,3928,145,16,151.79913588296498
2026-02-27,Social,Brand,5638,187,19,123.02520144776197
2026-02-27,Social,Performance,3177,49,4,26.523948910405714
2026-02-27,Social,Retargeting,1730,54,3,35.04347842304913
2026-02-27,Search,Brand,4501,50,4,37.001870234739556
2026-02-27,Search,Performance,2841,64,4,78.83371493047102
2026-02-27,Search,Retargeting,3532,153,13,162.51741880592226
2026-02-27,Email,Brand,4106,186,20,323.651353367875
2026-02-27,Email,Performance,3416,46,5,33.45931620802171
2026-02-27,Email,Retargeting,2936,74,6,97.09624441558196
2026-02-27,Display,Brand,4236,123,12,92.55816836707953
2026-02-27,Display,Performance,1820,78,7,74.37299017412477
2026-02-27,Display,Retargeting,2439,93,6,117.28876807370402
2026-02-28,Social,Brand,1658,34,4,45.443150138752245
2026-02-28,Social,Performance,3026,50,5,99.97853531169355
2026-02-28,Social,Retargeting,2289,80,7,88.2134560785189
2026-02-28,Search,Brand,3320,130,10,128.53550792506772
2026-02-28,Search,Performance,4735,164,11,179.20388484302237
2026-02-28,Search,Retargeting,2307,101,12,187.90183553847734
2026-02-28,Email,Brand,3046,147,20,232.73258341802725
2026-02-28,Email,Performance,2708,76,4,123.02804440347936
2026-02-28,Email,Retargeting,2510,37,4,33.80510003795031
2026-02-28,Display,Brand,1557,17,2,32.702359648780735
2026-02-28,Display,Performance,1665,81,7,145.42102398551725
2026-02-28,Display,Retargeting,4070,89,8,114.2462934116295
2026-03-01,Social,Brand,3134,86,14,161.5167776682227
2026-03-01,Social,Performance,4964,164,33,323.2618785215236
2026-03-01,Social,Retargeting,1513,41,6,56.871515704483016
2026-03-01,Search,Brand,2853,137,14,272.86138565588163
2026-03-01,Search,Performance,1672,16,2,45.487313690055124
2026-03-01,Search,Retargeting,2758,34,7,119.5928154715216
2026-03-01,Email,Brand,2036,99,10,158.50341974451197
2026-03-01,Email,Performance,2137,62,11,98.21174706593526
2026-03-01,Email,Retargeting,4637,144,24,211.20557985814327
2026-03-01,Display,Brand,222,9,1,7.344517012207243
2026-03-01,Display,Performance,105,4,0,3.2039061044225674
2026-03-01,Display,Retargeting,384,16,1,8.34356666400944
2026-03-02,Social,Brand,2923,69,11,41.644557481892434
2026-03-02,Social,Performance,1596,64,12,95.21988950432527
2026-03-02,Social,Retargeting,5877,266,47,174.6572477694845
2026-03-02,Search,Brand,6909,203,17,676.7905588481256
2026-03-02,Search,Performance,2119,23,2,91.33498980468738
2026-03-02,Search,Retargeting,2863,121,26,220.87632077794757
2026-03-02,Email,Brand,4644,65,13,98.97049279879072
2026-03-02,Email,Performance,2680,80,15,124.85037727200378
2026-03-02,Email,Retargeting,4259,67,12,100.51886931193393
2026-03-02,Display,Brand,295,5,0,8.526120574726635
2026-03-02,Display,Performance,197,3,0,1.5991211455071763
2026-03-02,Display,Retargeting,430,12,1,17.528568759165193
2026-03-03,Social,Brand,2010,22,2,24.732007126346048
2026-03-03,Social,Performance,3225,48,9,60.22204445614822
2026-03-03,Social,Retargeting,3456,97,19,129.2026441391064
2026-03-03,Search,Brand,2488,92,10,433.57638985772815
2026-03-03,Search,Performance,3016,66,7,266.29681249328297
2026-03-03,Search,Retargeting,4960,77,14,209.54335032478653
2026-03-03,Email,Brand,4702,76,15,131.91070227153284
2026-03-03,Email,Performance,4710,57,10,55.653670994825475
2026-03-03,Email,Retargeting,1990,34,6,53.466974661384874
2026-03-03,Display,Brand,479,18,1,31.662139293612064
2026-03-03,Display,Performance,296,6,1,3.7444391537191812
2026-03-03,Display,Retargeting,166,2,0,1.8111798591535766
2026-03-04,Social,Brand,4124,184,29,342.38715075073173
2026-03-04,Social,Performance,2545,69,14,73.55241858519047
2026-03-04,Social,Retargeting,4193,155,14,87.33283169427337
2026-03-04,Search,Brand,4422,112,19,522.7439741837029
2026-03-04,Search,Performance,2857,44,4,239.351222857418
2026-03-04,Search,Retargeting,3186,154,29,889.8854864578173
2026-03-04,Email,Brand,1430,68,7,82.49147400070751
2026-03-04,Email,Performance,2746,98,8,101.92741848744382
2026-03-04,Email,Retargeting,2327,59,12,71.62314419453155
2026-03-04,Display,Brand,251,4,0,4.21887953592306
2026-03-04,Display,Performance,189,8,0,10.624832375840533
2026-03-04,Display,Retargeting,212,9,0,13.374272009296737
2026-03-05,Social,Brand,3474,136,23,230.4330814948223
2026-03-05,Social,Performance,4029,138,16,97.27638705579272
2026-03-05,Social,Retargeting,6067,91,16,178.5317822472725
2026-03-05,Search,Brand,2908,75,13,179.73515527674294
2026-03-05,Search,Performance,2032,27,2,121.52429925693698
2026-03-05,Search,Retargeting,4644,67,10,181.17919203348342
2026-03-05,Email,Brand,3100,116,12,216.52595428152475
2026-03-05,Email,Performance,4841,52,4,58.26412864365356
2026-03-05,Email,Retargeting,4992,196,24,364.3833703917914
2026-03-05,Display,Brand,188,1,0,1.9452488613313825
2026-03-05,Display,Performance,425,11,2,13.006161676875188
2026-03-05,Display,Retargeting,383,15,2,29.460311023782307
2026-03-06,Social,Brand,6812,224,19,240.5469887197335
2026-03-06,Social,Performance,5308,78,8,41.05362651389558
2026-03-06,Social,Retargeting,3533,83,15,69.29629149539693
2026-03-06,Search,Brand,7344,182,13,518.5366320759282
2026-03-06,Search,Performance,2224,71,14,322.347839378108
2026-03-06,Search,Retargeting,4810,220,42,1102.5723623352706
2026-03-06,Email,Brand,2479,45,4,83.21322684686186
2026-03-06,Email,Performance,4996,95,10,116.48098243370372
2026-03-06,Email,Retargeting,2102,26,4,35.706141630961014
2026-03-06,Display,Brand,212,10,1,19.86991852346331
2026-03-06,Display,Performance,143,5,0,8.32696007745419
2026-03-06,Display,Retargeting,255,4,0,2.8448176933560565
2026-03-07,Social,Brand,1435,62,7,56.690071222689234
2026-03-07,Social,Performance,2043,86,14,93.07337609038242
2026-03-07,Social,Retargeting,6276,224,44,430.3248038610461
2026-03-07,Search,Brand,6259,135,19,743.260740968079
2026-03-07,Search,Performance,5304,199,35,1131.858393740074
2026-03-07,Search,Retargeting,7000,246,34,517.642259948819
2026-03-07,Email,Brand,3993,88,16,90.76334495901816
2026-03-07,Email,Performance,2145,79,6,72.0524020831752
2026-03-07,Email,Retargeting,3645,147,23,113.25789976072258
2026-03-07,Display,Brand,429,5,0,5.841562290564182
2026-03-07,Display,Performance,449,20,3,14.10997189161014
2026-03-07,Display,Retargeting,337,14,2,12.081519736657953
2026-03-08,Social,Brand,3646,52,8,64.86240803894329
2026-03-08,Social,Performance,5240,201,44,272.21624353948175
2026-03-08,Social,Retargeting,3026,85,18,64.95217259465082
2026-03-08,Search,Brand,2803,97,21,228.4819891305971
2026-03-08,Search,Performance,2823,110,14,510.6640228276485
2026-03-08,Search,Retargeting,4251,131,29,642.9343671057517
2026-03-08,Email,Brand,4212,186,35,179.48998247092922
2026-03-08,Email,Performance,2629,93,16,69.19661426129494
2026-03-08,Email,Retargeting,4671,189,38,265.4687307993415
2026-03-08,Display,Brand,346,3,0,5.667873307943019
2026-03-08,Display,Performance,432,15,1,14.737574767339845
2026-03-08,Display,Retargeting,336,10,1,8.807316172350424
2026-03-09,Social,Brand,5916,66,9,98.58096715840574
2026-03-09,Social,Performance,1412,65,6,129.0334216665795
2026-03-09,Social,Retargeting,5030,250,20,410.377971310772
2026-03-09,Search,Brand,7236,256,22,421.5758764894846
2026-03-09,Search,Performance,7023,337,54,1047.0742380792126
2026-03-09,Search,Retargeting,1909,94,12,383.7348504862092
2026-03-09,Email,Brand,2105,76,8,59.84159581377014
2026-03-09,Email,Performance,2900,142,11,249.8808425369981
2026-03-09,Email,Retargeting,2064,23,1,17.545151137651043
2026-03-09,Display,Brand,340,12,1,13.764851677933343
2026-03-09,Display,Performance,432,11,1,14.02552335623342
2026-03-09,Display,Retargeting,332,14,1,16.0321604071258
2026-03-10,Social,Brand,4253,203,42,229.22191416000197
2026-03-10,Social,Performance,4450,191,39,251.50090283260383
2026-03-10,Social,Retargeting,5852,196,20,195.48002152575498
2026-03-10,Search,Brand,2421,27,4,84.76903996903019
2026-03-10,Search,Performance,4369,208,31,695.2096992207291
2026-03-10,Search,Retargeting,6526,281,23,1340.4743939606847
2026-03-10,Email,Brand,3012,123,21,89.46929130061834
2026-03-10,Email,Performance,3480,109,12,124.02480831906296
2026-03-10,Email,Retargeting,1580,40,6,51.921300739055106
2026-03-10,Display,Brand,458,12,1,6.983419560017501
2026-03-10,Display,Performance,267,4,0,2.0605436401341484
2026-03-10,Display,Retargeting,121,2,0,3.188034382263989
2026-03-11,Social,Brand,2580,48,8,77.41653554102749
2026-03-11,Social,Performance,4183,168,27,309.8022815136192
2026-03-11,Social,Retargeting,2615,100,19,77.2420951634904
2026-03-11,Search,Brand,6679,156,35,518.8373203677728
2026-03-11,Search,Performance,6898,277,37,1151.7300600743158
2026-03-11,Search,Retargeting,5700,143,19,699.589412316292
2026-03-11,Email,Brand,3079,51,9,70.15861770932953
2026-03-11,Email,Performance,4722,165,24,172.02328807774623
2026-03-11,Email,Retargeting,2583,56,10,91.75644373184221
2026-03-11,Display,Brand,417,17,3,12.888275347029115
2026-03-11,Display,Performance,210,9,1,13.912326655780097
2026-03-11,Display,Retargeting,416,5,0,3.4152287074138648
2026-03-12,Social,Brand,3361,131,26,119.35506730574053
2026-03-12,Social,Performance,2466,29,2,23.782610636942493
2026-03-12,Social,Retargeting,3308,162,32,251.3842763664331
2026-03-12,Search,Brand,3148,115,16,456.76780674095386
2026-03-12,Search,Performance,7380,186,18,937.0541309425056
2026-03-12,Search,Retargeting,3226,149,11,747.9458319026805
2026-03-12,Email,Brand,4490,46,8,89.94774057109794
2026-03-12,Email,Performance,1700,23,3,28.7875318690458
2026-03-12,Email,Retargeting,1901,60,13,34.650184949216495
2026-03-12,Display,Brand,324,7,1,4.744169767068206
2026-03-12,Display,Performance,431,18,2,19.706949413729006
2026-03-12,Display,Retargeting,189,8,1,12.125828949492083
2026-03-13,Social,Brand,4865,105,21,158.45072158790143
2026-03-13,Social,Performance,2574,51,8,69.23856771049678
2026-03-13,Social,Retargeting,6797,334,56,291.00254664334636
2026-03-13,Search,Brand,7366,88,13,245.90256070129658
2026-03-13,Search,Performance,5067,89,12,507.96526995142557
2026-03-13,Search,Retargeting,2274,89,12,160.87545672413844
2026-03-13,Email,Brand,4130,100,8,100.01938903940157
2026-03-13,Email,Performance,1725,40,3,42.43526282076882
2026-03-13,Email,Retargeting,1451,71,13,113.61633850140906
2026-03-13,Display,Brand,121,2,0,3.2528193950899547
2026-03-13,Display,Performance,175,8,0,15.29526937890222
2026-03-13,Display,Retargeting,136,6,0,7.668308949425355
2026-03-14,Social,Brand,4289,60,9,118.10617563369937
2026-03-14,Social,Performance,2352,92,16,104.33655189136265
2026-03-14,Social,Retargeting,6722,206,17,290.094144787251
2026-03-14,Search,Brand,4717,138,15,385.51369390119237
2026-03-14,Search,Performance,5449,204,19,852.5401690353984
2026-03-14,Search,Retargeting,1827,23,5,65.26959679680903
2026-03-14,Email,Brand,1949,73,10,46.58443022900281
2026-03-14,Email,Performance,4905,101,7,196.6998284723525
2026-03-14,Email,Retargeting,2742,89,12,134.21948117342583
2026-03-14,Display,Brand,439,9,1,12.568521816486491
2026-03-14,Display,Performance,141,2,0,2.3472542350328403
2026-03-14,Display,Retargeting,182,8,1,14.595925897957276
2026-03-15,Social,Brand,5513,225,37,238.57474535359265
2026-03-15,Social,Performance,4239,111,8,152.5571884579098
2026-03-15,Social,Retargeting,2542,80,17,66.4580432167965
2026-03-15,Search,Brand,6216,270,27,1222.03950510041
2026-03-15,Search,Performance,1762,64,9,309.9335927730191
2026-03-15,Search,Retargeting,2533,34,6,190.9259455688295
2026-03-15,Email,Brand,4995,222,43,281.73788928917145
2026-03-15,Email,Performance,4994,51,8,72.4168138938845
2026-03-15,Email,Retargeting,3424,126,22,101.56066182459138
2026-03-15,Display,Brand,308,5,1,8.040423630449247
2026-03-15,Display,Performance,207,2,0,1.0474395886988863
2026-03-15,Display,Retargeting,334,6,0,7.130464649371382
2026-03-16,Social,Brand,5614,104,17,144.78930148973518
2026-03-16,Social,Performance,3680,176,35,300.54384408285495
2026-03-16,Social,Retargeting,1783,53,6,89.04817551689163
2026-03-16,Search,Brand,5151,178,33,858.0718320765743
2026-03-16,Search,Performance,7231,156,29,534.1019465504451
2026-03-16,Search,Retargeting,5334,178,27,482.35166502013703
2026-03-16,Email,Brand,3843,179,36,98.89962512562732
2026-03-16,Email,Performance,4258,119,20,103.83647416066255
2026-03-16,Email,Retargeting,2211,95,14,123.74113440534792
2026-03-16,Display,Brand,264,12,1,20.845378272246137
2026-03-16,Display,Performance,473,19,3,15.231313732116021
2026-03-16,Display,Retargeting,428,12,1,14.839723128896974
2026-03-17,Social,Brand,6869,126,14,197.7494414853143
2026-03-17,Social,Performance,5573,201,22,148.58691715621953
2026-03-17,Social,Retargeting,2809,86,16,164.58653867009505
2026-03-17,Search,Brand,1861,84,16,384.980769132555
2026-03-17,Search,Performance,2703,114,8,645.2998214083009
2026-03-17,Search,Retargeting,4995,152,23,472.1100070170394
2026-03-17,Email,Brand,4390,57,11,99.30398888004231
2026-03-17,Email,Performance,2837,132,28,130.6950233219481
2026-03-17,Email,Retargeting,3025,75,8,63.57565390755188
2026-03-17,Display,Brand,392,5,0,6.650283923123289
2026-03-17,Display,Performance,359,8,1,13.533827603781887
2026-03-17,Display,Retargeting,108,4,0,6.490135121994438
2026-03-18,Social,Brand,5420,57,6,67.76067948413404
2026-03-18,Social,Performance,6538,112,20,94.57249100666674
2026-03-18,Social,Retargeting,4118,111,20,199.18490443132924
2026-03-18,Search,Brand,2226,87,13,193.6735366131827
2026-03-18,Search,Performance,1932,45,6,215.81380762456538
2026-03-18,Search,Retargeting,2247,44,5,86.85840592730398
2026-03-18,Email,Brand,3979,58,6,56.05721704174318
2026-03-18,Email,Performance,4750,58,7,49.37569327059107
2026-03-18,Email,Retargeting,4982,199,31,393.8946315774933
2026-03-18,Display,Brand,113,3,0,3.9340725172713635
2026-03-18,Display,Performance,337,8,1,6.444005653272218
2026-03-18,Display,Retargeting,237,6,1,8.682770290965388
2026-03-19,Social,Brand,1733,25,4,16.895146463008754
2026-03-19,Social,Performance,5560,153,33,194.06935178737984
2026-03-19,Social,Retargeting,3208,82,17,66.13091515807335
2026-03-19,Search,Brand,2724,130,24,552.6319122967384
2026-03-19,Search,Performance,4827,61,8,245.40619196074172
2026-03-19,Search,Retargeting,7050,133,24,727.115727782043
2026-03-19,Email,Brand,4893,190,29,333.29354541406593
2026-03-19,Email,Performance,1504,67,7,46.3023348080341
2026-03-19,Email,Retargeting,3677,153,21,118.59998407458822
2026-03-19,Display,Brand,196,5,0,2.6002576244454674
2026-03-19,Display,Performance,398,10,1,18.52661042819343
2026-03-19,Display,Retargeting,360,6,0,7.313340809230837
2026-03-20,Social,Brand,5317,168,36,100.77431143438417
2026-03-20,Social,Performance,5420,267,38,339.10396819507866
2026-03-20,Social,Retargeting,4734,91,19,51.34732627375895
2026-03-20,Search,Brand,5055,95,12,301.757974532208
2026-03-20,Search,Performance,4659,178,23,562.9550291591356
2026-03-20,Search,Retargeting,5835,211,38,324.44131594207585
2026-03-20,Email,Brand,4306,186,37,197.13428262980625
2026-03-20,Email,Performance,1670,70,13,92.58401211432408
2026-03-20,Email,Retargeting,4480,148,20,195.6631831794613
2026-03-20,Display,Brand,443,17,3,21.709205693317934
2026-03-20,Display,Performance,479,5,0,7.849269010625026
2026-03-20,Display,Retargeting,361,6,0,11.013685654973955
2026-03-21,Social,Brand,5560,90,10,126.73058726352427
2026-03-21,Social,Performance,3936,142,29,194.2858387110433
2026-03-21,Social,Retargeting,3490,140,16,157.14395523401643
2026-03-21,Search,Brand,4971,103,10,299.9587256120166
2026-03-21,Search,Performance,6166,209,42,1130.4555812539318
2026-03-21,Search,Retargeting,2473,74,7,136.63156590383105
2026-03-21,Email,Brand,3561,54,7,63.51287899479547
2026-03-21,Email,Performance,4389,183,21,281.5525242155604
2026-03-21,Email,Retargeting,1238,43,8,36.015201013021255
2026-03-21,Display,Brand,403,8,0,12.335691506724734
2026-03-21,Display,Performance,485,17,3,10.110077469648477
2026-03-21,Display,Retargeting,450,19,3,31.18426293152728
2026-03-22,Social,Brand,2571,106,20,171.90633333151942
2026-03-22,Social,Performance,1624,44,3,39.132045652153245
2026-03-22,Social,Retargeting,2930,77,16,133.7097560120556
2026-03-22,Search,Brand,5812,67,11,197.8927447448593
2026-03-22,Search,Performance,4654,83,12,399.48148762441343
2026-03-22,Search,Retargeting,2181,108,21,572.6074750090413
2026-03-22,Email,Brand,3378,143,25,278.9780395244054
2026-03-22,Email,Performance,3074,153,18,248.20820781521024
2026-03-22,Email,Retargeting,3527,130,9,155.83602187850934
2026-03-22,Display,Brand,135,1,0,0.6951210047434204
2026-03-22,Display,Performance,201,9,1,9.981159323032493
2026-03-22,Display,Retargeting,499,11,1,9.328299975095378
2026-03-23,Social,Brand,1631,17,3,26.50704180403588
2026-03-23,Social,Performance,6197,71,14,101.4795403038663
2026-03-23,Social,Retargeting,6196,294,40,324.4297152596638
2026-03-23,Search,Brand,2007,66,14,323.7488596193647
2026-03-23,Search,Performance,5595,207,19,849.6896165251544
2026-03-23,Search,Retargeting,6178,209,44,1187.3557185745426
2026-03-23,Email,Brand,3742,130,22,156.51061932852912
2026-03-23,Email,Performance,2684,132,22,225.27398381613975
2026-03-23,Email,Retargeting,4539,216,32,415.5410245906088
2026-03-23,Display,Brand,323,11,1,11.65652320396933
2026-03-23,Display,Performance,351,16,2,9.305377964535468
2026-03-23,Display,Retargeting,157,5,0,4.564661600888951
2026-03-24,Social,Brand,4023,160,31,179.31859167699102
2026-03-24,Social,Performance,2261,86,12,129.14111631680672
2026-03-24,Social,Retargeting,1528,73,6,111.55079010733763
2026-03-24,Search,Brand,2061,34,4,120.59548374883884
2026-03-24,Search,Performance,2296,111,17,410.5035685136228
2026-03-24,Search,Retargeting,3175,143,23,751.0451204162654
2026-03-24,Email,Brand,2857,133,21,184.771616011368
2026-03-24,Email,Performance,2959,99,17,59.379349819312004
2026-03-24,Email,Retargeting,4033,53,8,96.53735394835276
2026-03-24,Display,Brand,216,8,1,10.01890839901538
2026-03-24,Display,Performance,195,8,0,12.849113029248127
2026-03-24,Display,Retargeting,313,14,1,11.211612534750596
2026-03-25,Social,Brand,3959,181,30,354.77338110324894
2026-03-25,Social,Performance,6069,289,55,199.960656775858
2026-03-25,Social,Retargeting,4797,60,13,103.5276516544653
2026-03-25,Search,Brand,6202,283,34,1127.31553323238
2026-03-25,Search,Performance,6253,80,8,202.57167973356204
2026-03-25,Search,Retargeting,4984,60,12,110.20172540264272
2026-03-25,Email,Brand,1782,28,6,45.89028529057589
2026-03-25,Email,Performance,2831,41,3,30.067643367462093
2026-03-25,Email,Retargeting,2930,67,8,56.86685221688703
2026-03-25,Display,Brand,208,8,1,8.244360238968808
2026-03-25,Display,Performance,203,2,0,3.427070920875029
2026-03-25,Display,Retargeting,429,17,1,33.66159208827164
2026-03-26,Social,Brand,6225,82,12,78.19759988725997
2026-03-26,Social,Performance,4215,146,14,177.79064946005565
2026-03-26,Social,Retargeting,3204,96,9,137.85578191617344
2026-03-26,Search,Brand,6274,106,21,369.7130765111863
2026-03-26,Search,Performance,5673,126,24,221.3069382075078
2026-03-26,Search,Retargeting,4846,118,12,361.29011767317877
2026-03-26,Email,Brand,1529,56,10,100.42504978728786
2026-03-26,Email,Performance,2294,27,2,36.28348565155842
2026-03-26,Email,Retargeting,4103,187,24,148.24420807983142
2026-03-26,Display,Brand,210,6,1,8.036209690188077
2026-03-26,Display,Performance,410,17,2,30.424764207696963
2026-03-26,Display,Retargeting,408,6,1,6.745308308765461
2026-03-27,Social,Brand,4579,68,7,131.04737221763537
2026-03-27,Social,Performance,3152,95,17,120.58783041143035
2026-03-27,Social,Retargeting,1776,63,6,83.72658430490272
2026-03-27,Search,Brand,7296,289,33,604.7154922256326
2026-03-27,Search,Performance,4750,82,9,203.7039163194022
2026-03-27,Search,Retargeting,3390,89,18,375.34231850738126
2026-03-27,Email,Brand,3469,169,27,120.75078459576164
2026-03-27,Email,Performance,2229,44,9,81.00302353309942
2026-03-27,Email,Retargeting,4147,133,26,225.28731423512875
2026-03-27,Display,Brand,477,23,1,20.216288056434387
2026-03-27,Display,Performance,172,7,0,6.2640971384391175
2026-03-27,Display,Retargeting,152,5,0,2.901358471847825
2026-03-28,Social,Brand,4965,198,19,235.12210759250988
2026-03-28,Social,Performance,2674,48,5,41.07009901324848
2026-03-28,Social,Retargeting,3855,44,5,35.69770178957643
2026-03-28,Search,Brand,6817,282,46,431.1662833894337
2026-03-28,Search,Performance,1732,70,6,258.488586541516
2026-03-28,Search,Retargeting,2581,78,14,445.24540244099916
2026-03-28,Email,Brand,1497,38,7,28.73037670881137
2026-03-28,Email,Performance,3004,121,9,177.8579805766821
2026-03-28,Email,Retargeting,2490,86,18,108.77116723200905
2026-03-28,Display,Brand,352,5,0,4.588530466956643
2026-03-28,Display,Performance,284,7,1,5.187135639474374
2026-03-28,Display,Retargeting,378,15,1,15.060158827277446
2026-03-29,Social,Brand,4461,173,15,244.35891025201673
2026-03-29,Social,Performance,1499,70,12,99.13092672192906
2026-03-29,Social,Retargeting,5758,147,27,101.16972844421274
2026-03-29,Search,Brand,4980,91,14,487.23404843127383
2026-03-29,Search,Performance,2134,100,13,179.77433497549822
2026-03-29,Search,Retargeting,2238,96,14,478.905430392698
2026-03-29,Email,Brand,1226,32,3,31.94586740547144
2026-03-29,Email,Performance,2473,90,19,80.84201500292475
2026-03-29,Email,Retargeting,1272,45,4,42.45668155884275
2026-03-29,Display,Brand,257,12,2,19.303205566908705
2026-03-29,Display,Performance,428,19,2,22.485145958461672
2026-03-29,Display,Retargeting,464,17,3,24.378583294219837
2026-03-30,Social,Brand,3523,147,17,104.86728037078781
2026-03-30,Social,Performance,3806,105,11,106.58340559297896
2026-03-30,Social,Retargeting,6830,216,48,412.23484075585674
2026-03-30,Search,Brand,5125,241,20,461.66499273679005
2026-03-30,Search,Performance,5938,228,26,692.3023266140101
2026-03-30,Search,Retargeting,5694,158,23,412.374275837644
2026-03-30,Email,Brand,3557,44,9,64.73608667966197
2026-03-30,Email,Performance,4431,146,30,252.01231856003795
2026-03-30,Email,Retargeting,2977,141,27,168.29573391700237
2026-03-30,Display,Brand,110,4,0,4.41443755579587
2026-03-30,Display,Performance,339,8,1,7.540868191171713
2026-03-30,Display,Retargeting,271,10,1,7.859147496116748
2026-03-31,Social,Brand,2336,111,18,199.21206703300055
2026-03-31,Social,Performance,2277,33,6,42.80701825237062
2026-03-31,Social,Retargeting,4677,174,37,122.78034855855545
2026-03-31,Search,Brand,2961,80,7,161.96990684005084
2026-03-31,Search,Performance,7458,180,14,446.50605368413085
2026-03-31,Search,Retargeting,2205,80,17,415.55316622769067
2026-03-31,Email,Brand,3773,116,20,129.48913398024638
2026-03-31,Email,Performance,3185,73,5,127.00734262396533
2026-03-31,Email,Retargeting,1572,64,5,39.26346597479464
2026-03-31,Display,Brand,359,5,1,4.110219155975166
2026-03-31,Display,Performance,158,7,1,10.846904664044501
2026-03-31,Display,Retargeting,386,14,2,9.168565186376016
2026-04-01,Social,Brand,4200,174,32,233.48773197755514
2026-04-01,Social,Performance,6304,269,59,239.27718351649204
2026-04-01,Social,Retargeting,7689,317,35,227.1190249431222
2026-04-01,Search,Brand,5385,65,11,231.44423087195315
2026-04-01,Search,Performance,2326,115,18,243.85562689173537
2026-04-01,Search,Retargeting,6841,166,32,862.0600320927841
2026-04-01,Email,Brand,1677,76,14,56.04664461204003
2026-04-01,Email,Performance,2808,64,6,40.130080820029455
2026-04-01,Email,Retargeting,1848,44,9,59.33541936130638
2026-04-01,Display,Brand,459,11,2,19.08978957735806
2026-04-01,Display,Performance,486,20,2,16.127402767365023
2026-04-01,Display,Retargeting,208,3,0,4.577399033259044
2026-04-02,Social,Brand,6860,233,50,225.47484686604113
2026-04-02,Social,Performance,2222,36,6,70.44214899788743
2026-04-02,Social,Retargeting,6131,288,58,240.76045981371507
2026-04-02,Search,Brand,2332,34,5,194.58777020676564
2026-04-02,Search,Performance,3004,113,19,287.2076287717545
2026-04-02,Search,Retargeting,4047,105,21,542.4320497254698
2026-04-02,Email,Brand,2340,64,13,124.37709887447905
2026-04-02,Email,Performance,3402,82,11,124.12621978780106
2026-04-02,Email,Retargeting,3445,72,7,67.10457735979645
2026-04-02,Display,Brand,180,2,0,1.1257456501487726
2026-04-02,Display,Performance,142,2,0,3.130344299011838
2026-04-02,Display,Retargeting,177,3,0,4.791688618664022
2026-04-03,Social,Brand,5196,117,23,67.31263276167489
2026-04-03,Social,Performance,3000,139,23,200.81760644963654
2026-04-03,Social,Retargeting,6152,246,38,372.9746482832407
2026-04-03,Search,Brand,5670,147,20,811.6128189367621
2026-04-03,Search,Performance,5565,241,37,1277.540178408348
2026-04-03,Search,Retargeting,5311,75,14,281.41109410501736
2026-04-03,Email,Brand,2641,115,16,146.1814638400923
2026-04-03,Email,Performance,2764,127,13,231.96965616182106
2026-04-03,Email,Retargeting,1446,30,2,59.02596541755855
2026-04-03,Display,Brand,241,5,0,4.081646707605911
2026-04-03,Display,Performance,346,12,2,23.04161240446033
2026-04-03,Display,Retargeting,319,13,1,25.81147992397614
2026-04-04,Social,Brand,4060,202,20,240.27419835685043
2026-04-04,Social,Performance,4084,60,12,46.30649511450745
2026-04-04,Social,Retargeting,3369,153,21,190.5375214957612
2026-04-04,Search,Brand,4125,110,10,249.6135191983199
2026-04-04,Search,Performance,5122,141,27,671.0255514597817
2026-04-04,Search,Retargeting,6847,176,15,277.14124466101754
2026-04-04,Email,Brand,2357,38,4,23.378024140949034
2026-04-04,Email,Performance,2482,27,5,52.97496913996633
2026-04-04,Email,Retargeting,3550,73,8,66.9102400649174
2026-04-04,Display,Brand,316,8,0,4.472702004313833
2026-04-04,Display,Performance,124,1,0,1.5967360166823759
2026-04-04,Display,Retargeting,370,3,0,2.878947702165172
2026-04-05,Social,Brand,5361,203,26,273.91247229667175
2026-04-05,Social,Performance,4449,141,16,220.54631987008568
2026-04-05,Social,Retargeting,4990,230,30,304.7046541577908
2026-04-05,Search,Brand,6070,83,11,185.50623806126288
2026-04-05,Search,Performance,3129,59,6,305.49456039261435
2026-04-05,Search,Retargeting,4290,58,6,100.19594805743968
2026-04-05,Email,Brand,4246,190,16,155.17089362904065
2026-04-05,Email,Performance,1969,71,14,116.3427583171755
2026-04-05,Email,Retargeting,3844,89,11,115.24706835518609
2026-04-05,Display,Brand,485,9,0,8.501292092816326
2026-04-05,Display,Performance,438,7,0,6.31583086132159
2026-04-05,Display,Retargeting,218,5,0,3.7847121836625277
2026-04-06,Social,Brand,3118,35,4,54.10109383724397
2026-04-06,Social,Performance,5920,117,25,119.0154901594528
2026-04-06,Social,Retargeting,2705,123,14,103.93384760621787
2026-04-06,Search,Brand,4407,158,32,799.0600828031597
2026-04-06,Search,Performance,1720,63,12,207.0472779858189
2026-04-06,Search,Retargeting,2872,104,16,194.38708467896836
2026-04-06,Email,Brand,2859,59,5,117.34348890066707
2026-04-06,Email,Performance,1617,48,4,36.17244804765957
2026-04-06,Email,Retargeting,2182,79,12,142.1330331272734
2026-04-06,Display,Brand,236,11,2,12.666964719330092
2026-04-06,Display,Performance,216,5,0,6.731738625134021
2026-04-06,Display,Retargeting,114,4,0,4.577737183381065
2026-04-07,Social,Brand,6654,285,45,475.74338985878717
2026-04-07,Social,Performance,3892,120,13,144.77101057905261
2026-04-07,Social,Retargeting,3793,67,11,111.9823953168021
2026-04-07,Search,Brand,5637,113,23,221.79545811207691
2026-04-07,Search,Performance,5185,111,9,647.9296688587976
2026-04-07,Search,Retargeting,6399,147,25,613.5909687646372
2026-04-07,Email,Brand,4009,162,12,81.32714384244498
2026-04-07,Email,Performance,2619,55,10,46.16747547526286
2026-04-07,Email,Retargeting,1443,68,8,101.43634919972705
2026-04-07,Display,Brand,239,4,0,2.7858424579650443
2026-04-07,Display,Performance,460,6,1,4.020967353935251
2026-04-07,Display,Retargeting,133,3,0,5.679867974305045
2026-04-08,Social,Brand,3915,58,4,83.1777085594765
2026-04-08,Social,Performance,5683,115,9,166.4122437433233
2026-04-08,Social,Retargeting,2112,77,14,95.39518510311952
2026-04-08,Search,Brand,3613,132,29,227.94756351971228
2026-04-08,Search,Performance,5356,180,17,289.9941673519135
2026-04-08,Search,Retargeting,5946,75,6,315.30780190994153
2026-04-08,Email,Brand,4981,209,42,151.74052717476138
2026-04-08,Email,Performance,2477,95,11,122.37951879821479
2026-04-08,Email,Retargeting,3895,193,32,185.6331075937042
2026-04-08,Display,Brand,398,14,3,13.212306047427257
2026-04-08,Display,Performance,147,5,0,9.43215303095996
2026-04-08,Display,Retargeting,370,13,2,6.816747142584346
2026-04-09,Social,Brand,2734,102,21,179.10124009219186
2026-04-09,Social,Performance,5382,127,12,81.48680000432162
2026-04-09,Social,Retargeting,2688,76,11,74.28187271797276
2026-04-09,Search,Brand,7299,190,35,951.7468558286083
2026-04-09,Search,Performance,2769,126,9,371.985966736004
2026-04-09,Search,Retargeting,2212,44,3,172.97928253877694
2026-04-09,Email,Brand,1935,88,17,162.6400014453299
2026-04-09,Email,Performance,4868,65,10,69.54796019912597
2026-04-09,Email,Retargeting,2964,146,15,158.38804443774663
2026-04-09,Display,Brand,164,3,0,2.296036278707928
2026-04-09,Display,Performance,156,4,0,7.241711172423292
2026-04-09,Display,Retargeting,365,16,2,15.680655597497406
2026-04-10,Social,Brand,7212,160,21,241.4017430416758
2026-04-10,Social,Performance,7035,237,42,248.1404254013067
2026-04-10,Social,Retargeting,5176,78,12,120.13038898258814
2026-04-10,Search,Brand,3966,80,15,273.3375750480982
2026-04-10,Search,Performance,7287,285,47,666.8657227905279
2026-04-10,Search,Retargeting,4852,197,23,731.706304837498
2026-04-10,Email,Brand,3924,172,17,118.39184579380708
2026-04-10,Email,Performance,4881,151,17,143.01413484387237
2026-04-10,Email,Retargeting,4148,131,11,76.70578860171119
2026-04-10,Display,Brand,257,12,1,7.200489865298079
2026-04-10,Display,Performance,280,9,1,5.061315957929017
2026-04-10,Display,Retargeting,142,2,0,2.7957853222140123
2026-04-11,Social,Brand,3827,132,27,226.3650352199741
2026-04-11,Social,Performance,3945,60,12,36.717458797148595
2026-04-11,Social,Retargeting,5449,156,16,242.2067560872782
2026-04-11,Search,Brand,4351,102,22,396.13871044374076
2026-04-11,Search,Performance,7338,166,13,821.5959052175556
2026-04-11,Search,Retargeting,1675,37,8,160.08190195205472
2026-04-11,Email,Brand,2503,100,14,111.84195917474983
2026-04-11,Email,Performance,2461,78,15,76.20395850681919
2026-04-11,Email,Retargeting,1746,85,11,50.409687362669644
2026-04-11,Display,Brand,249,3,0,1.7749710042883453
2026-04-11,Display,Performance,134,6,0,6.192557010571914
2026-04-11,Display,Retargeting,416,18,2,35.61674366295556
2026-04-12,Social,Brand,5448,138,24,160.50091813274256
2026-04-12,Social,Performance,1988,51,7,57.244473360095554
2026-04-12,Social,Retargeting,7344,264,57,191.96719649050547
2026-04-12,Search,Brand,2473,50,7,100.0219681510992
2026-04-12,Search,Performance,4515,106,9,345.8611489182067
2026-04-12,Search,Retargeting,2893,33,5,153.1824669554602
2026-04-12,Email,Brand,2283,73,11,131.97448021021535
2026-04-12,Email,Performance,1290,18,2,16.9776339649225
2026-04-12,Email,Retargeting,1755,23,3,42.82663981704735
2026-04-12,Display,Brand,472,7,1,9.362699308173193
2026-04-12,Display,Performance,483,13,2,8.072000400807234
2026-04-12,Display,Retargeting,130,2,0,2.5074726304807964
2026-04-13,Social,Brand,5742,75,10,108.38547677193714
2026-04-13,Social,Performance,5230,127,15,100.68505985094362
2026-04-13,Social,Retargeting,5280,79,16,154.5564195781473
2026-04-13,Search,Brand,7230,186,30,950.0097534011222
2026-04-13,Search,Performance,1527,46,7,262.73901038745186
2026-04-13,Search,Retargeting,7248,331,32,1667.1356989131764
2026-04-13,Email,Brand,1861,20,4,12.583964171910411
2026-04-13,Email,Performance,2782,53,8,54.44760967395099
2026-04-13,Email,Retargeting,1769,63,8,36.65643108271505
2026-04-13,Display,Brand,330,5,0,8.140965246576783
2026-04-13,Display,Performance,220,6,0,10.384388260322474
2026-04-13,Display,Retargeting,157,2,0,2.5106409445356586
2026-04-14,Social,Brand,4811,154,30,222.86698108667775
2026-04-14,Social,Performance,6553,182,14,158.5401309469284
2026-04-14,Social,Retargeting,4617,146,24,121.28679303183009
2026-04-14,Search,Brand,3981,115,8,596.6479437115514
2026-04-14,Search,Performance,6786,231,43,890.5757250734275
2026-04-14,Search,Retargeting,3529,111,14,478.8523148722644
2026-04-14,Email,Brand,3170,52,5,41.778928034339884
2026-04-14,Email,Performance,4022,136,18,242.38037887504933
2026-04-14,Email,Retargeting,4420,129,17,226.8748686616906
2026-04-14,Display,Brand,133,3,0,1.6161422678843178
2026-04-14,Display,Performance,215,7,1,12.719351884866798
2026-04-14,Display,Retargeting,489,9,0,16.886830630325555
2026-04-15,Social,Brand,2940,34,3,44.60477565802559
2026-04-15,Social,Performance,4832,135,16,186.81595940544074
2026-04-15,Social,Retargeting,4376,95,8,71.70890793371566
2026-04-15,Search,Brand,6804,284,53,1295.7533307536917
2026-04-15,Search,Performance,2128,51,11,233.55012012836661
2026-04-15,Search,Retargeting,3675,43,9,82.13571373254511
2026-04-15,Email,Brand,2819,36,2,54.20345402503355
2026-04-15,Email,Performance,3226,74,14,82.9183333673639
2026-04-15,Email,Retargeting,4039,44,5,33.687428856221125
2026-04-15,Display,Brand,199,2,0,2.6495925350931944
2026-04-15,Display,Performance,281,6,0,5.132315945070511
2026-04-15,Display,Retargeting,460,5,0,4.058375657212686
2026-04-16,Social,Brand,4860,70,8,117.07141859559094
2026-04-16,Social,Performance,6432,136,17,227.61486569140874
2026-04-16,Social,Retargeting,1654,38,6,73.81210100163145
2026-04-16,Search,Brand,5406,102,13,341.03984700526627
2026-04-16,Search,Performance,5901,203,15,482.42559013728084
2026-04-16,Search,Retargeting,4684,183,25,750.7792649264707
2026-04-16,Email,Brand,3962,122,10,94.16427767209684
2026-04-16,Email,Performance,4108,154,14,173.05408921225296
2026-04-16,Email,Retargeting,3639,134,22,181.27900337652704
2026-04-16,Display,Brand,370,5,0,5.470007247892115
2026-04-16,Display,Performance,462,4,0,5.430735895615883
2026-04-16,Display,Retargeting,384,17,3,13.812042445217207
2026-04-17,Social,Brand,2659,58,10,89.96312035173095
2026-04-17,Social,Performance,3800,92,15,125.43189315233131
2026-04-17,Social,Retargeting,6873,249,26,242.15642443300908
2026-04-17,Search,Brand,5980,110,20,177.4735519364295
2026-04-17,Search,Performance,2521,72,5,334.5859870658564
2026-04-17,Search,Retargeting,3555,134,21,681.1348965022014
2026-04-17,Email,Brand,4161,127,12,147.42270995580552
2026-04-17,Email,Performance,4731,96,13,134.29909732891997
2026-04-17,Email,Retargeting,3984,68,8,76.38243443233074
2026-04-17,Display,Brand,440,9,1,4.823274581151527
2026-04-17,Display,Performance,267,3,0,4.08232769088762
2026-04-17,Display,Retargeting,224,3,0,3.9773925626830153
2026-04-18,Social,Brand,6304,94,10,137.53419753668825
2026-04-18,Social,Performance,1843,20,4,27.313512471637193
2026-04-18,Social,Retargeting,2150,48,8,82.20443152588965
2026-04-18,Search,Brand,6144,245,51,998.2655675037324
2026-04-18,Search,Performance,7479,124,12,627.2056348602937
2026-04-18,Search,Retargeting,3637,80,12,331.67698660697977
2026-04-18,Email,Brand,2657,33,6,25.277664384585
2026-04-18,Email,Performance,3334,56,8,45.97555301065834
2026-04-18,Email,Retargeting,1955,20,2,28.145182880877435
2026-04-18,Display,Brand,151,5,0,8.489918352674774
2026-04-18,Display,Performance,241,4,0,5.344429785885123
2026-04-18,Display,Retargeting,209,5,0,7.472704027923606
2026-04-19,Social,Brand,7745,330,25,529.2793870082345
2026-04-19,Social,Performance,6816,146,30,83.7793802844268
2026-04-19,Social,Retargeting,7099,87,8,43.62128890152992
2026-04-19,Search,Brand,5298,82,16,307.521497641511
2026-04-19,Search,Performance,6508,157,33,263.964140161454
2026-04-19,Search,Retargeting,1797,40,5,97.74424993743615
2026-04-19,Email,Brand,2831,119,10,128.39020270224154
2026-04-19,Email,Performance,1178,53,5,38.57495070076211
2026-04-19,Email,Retargeting,1787,46,4,69.34791128784019
2026-04-19,Display,Brand,408,11,1,17.48083577918651
2026-04-19,Display,Performance,477,10,1,14.678278637669958
2026-04-19,Display,Retargeting,221,7,0,3.571554327951345
2026-04-20,Social,Brand,3028,54,10,100.64946824939639
2026-04-20,Social,Performance,5393,225,27,370.75291889210735
2026-04-20,Social,Retargeting,5307,91,19,96.91633411862162
2026-04-20,Search,Brand,5271,218,45,589.3343881811376
2026-04-20,Search,Performance,4071,81,9,416.31719491271883
2026-04-20,Search,Retargeting,3865,123,26,666.7729893511334
2026-04-20,Email,Brand,4593,186,18,285.6000742853034
2026-04-20,Email,Performance,3262,143,17,83.03416085149544
2026-04-20,Email,Retargeting,3733,133,20,90.43061187532848
2026-04-20,Display,Brand,455,5,0,2.5385472068917023
2026-04-20,Display,Performance,399,19,2,28.37594155382552
2026-04-20,Display,Retargeting,429,20,4,18.683226849046246
2026-04-21,Social,Brand,7675,340,32,529.5708622403323
2026-04-21,Social,Performance,1904,25,4,35.93674056410132
2026-04-21,Social,Retargeting,2217,37,3,58.31930697896112
2026-04-21,Search,Brand,4131,77,6,182.90638899287973
2026-04-21,Search,Performance,3219,139,21,326.84196814016695
2026-04-21,Search,Retargeting,3760,124,15,452.27764431522235
2026-04-21,Email,Brand,4503,194,38,303.4321471508964
2026-04-21,Email,Performance,2469,64,9,99.74099805142222
2026-04-21,Email,Retargeting,2340,57,11,90.51927182008032
2026-04-21,Display,Brand,371,12,1,11.869941345226323
2026-04-21,Display,Performance,415,20,3,28.941279329301295
2026-04-21,Display,Retargeting,484,18,3,32.314084425966115
2026-04-22,Social,Brand,7899,324,43,229.6774784013661
2026-04-22,Social,Performance,6868,319,34,186.37352173873532
2026-04-22,Social,Retargeting,1724,41,5,52.5134459942488
2026-04-22,Search,Brand,5323,151,12,309.32295208067774
2026-04-22,Search,Performance,2880,44,9,115.49463239202828
2026-04-22,Search,Retargeting,6420,180,36,699.3505885919034
2026-04-22,Email,Brand,1339,36,6,28.568482565381046
2026-04-22,Email,Performance,4855,214,37,151.09312045594442
2026-04-22,Email,Retargeting,1847,37,6,46.96454819794236
2026-04-22,Display,Brand,250,9,1,15.916322550744123
2026-04-22,Display,Performance,414,19,2,11.059882147362098
2026-04-22,Display,Retargeting,251,7,1,4.606755502539753
2026-04-23,Social,Brand,7913,368,74,593.7453117807949
2026-04-23,Social,Performance,3939,158,29,286.6576173498848
2026-04-23,Social,Retargeting,5398,254,35,172.39259603049436
2026-04-23,Search,Brand,6496,127,10,615.7123336686973
2026-04-23,Search,Performance,4812,186,17,308.7890231850207
2026-04-23,Search,Retargeting,6979,99,10,482.7411837658991
2026-04-23,Email,Brand,1471,17,2,28.96124550350877
2026-04-23,Email,Performance,4020,159,28,273.8946960111799
2026-04-23,Email,Retargeting,1976,87,17,44.79334576159555
2026-04-23,Display,Brand,380,11,0,18.833118982414373
2026-04-23,Display,Performance,114,5,0,4.364536634599797
2026-04-23,Display,Retargeting,119,5,0,8.971917951332419
2026-04-24,Social,Brand,4512,172,21,87.80142356512981
2026-04-24,Social,Performance,4587,220,20,116.03077300875707
2026-04-24,Social,Retargeting,5726,246,18,236.58526635963796
2026-04-24,Search,Brand,1860,28,4,65.2999574808602
2026-04-24,Search,Performance,2971,95,11,320.93626944571076
2026-04-24,Search,Retargeting,4999,137,30,703.5491705641743
2026-04-24,Email,Brand,2522,58,5,111.94605050624227
2026-04-24,Email,Performance,3159,121,27,117.60514697173858
2026-04-24,Email,Retargeting,3518,58,11,39.65731399104106
2026-04-24,Display,Brand,463,9,1,4.780233433673517
2026-04-24,Display,Performance,418,7,1,9.218624146624926
2026-04-24,Display,Retargeting,295,4,0,6.427282491012454
2026-04-25,Social,Brand,4081,68,13,35.34933891633999
2026-04-25,Social,Performance,6232,91,18,114.08656119261751
2026-04-25,Social,Retargeting,6950,297,61,237.2523700404176
2026-04-25,Search,Brand,6597,198,40,1145.6924596089773
2026-04-25,Search,Performance,3343,106,10,488.7246586259169
2026-04-25,Search,Retargeting,3049,54,7,282.6465673263002
2026-04-25,Email,Brand,2173,86,14,63.09475061484194
2026-04-25,Email,Performance,3548,92,17,76.43021262485743
2026-04-25,Email,Retargeting,4168,48,5,92.80676164318723
2026-04-25,Display,Brand,206,10,1,15.493947995352924
2026-04-25,Display,Performance,156,4,0,2.8471943812231095
2026-04-25,Display,Retargeting,259,11,1,15.73398234543705
2026-04-26,Social,Brand,7665,314,39,452.63204114179894
2026-04-26,Social,Performance,4604,162,23,210.0596076100192
2026-04-26,Social,Retargeting,5808,264,44,452.0742116416462
2026-04-26,Search,Brand,4389,187,29,845.4882101297045
2026-04-26,Search,Performance,5347,129,12,539.7491372775621
2026-04-26,Search,Retargeting,4144,132,14,451.0425265642464
2026-04-26,Email,Brand,4698,91,10,133.2415271241112
2026-04-26,Email,Performance,1055,35,5,57.36381989538578
2026-04-26,Email,Retargeting,1283,23,3,39.13238589317935
2026-04-26,Display,Brand,112,2,0,2.2393221931814327
2026-04-26,Display,Performance,467,17,1,26.096195654440965
2026-04-26,Display,Retargeting,199,8,1,8.324728480649334
2026-04-27,Social,Brand,6700,170,14,122.52662902921107
2026-04-27,Social,Performance,6705,212,23,375.95779049339114
2026-04-27,Social,Retargeting,3800,111,10,106.72856839807844
2026-04-27,Search,Brand,6612,95,15,391.1186973972403
2026-04-27,Search,Performance,6001,238,37,1304.2767172561291
2026-04-27,Search,Retargeting,1726,22,4,105.15811064434578
2026-04-27,Email,Brand,4795,223,27,235.9615142850887
2026-04-27,Email,Performance,4504,65,4,81.44579927957025
2026-04-27,Email,Retargeting,4447,150,31,86.16132937863361
2026-04-27,Display,Brand,415,12,1,21.707265938746133
2026-04-27,Display,Performance,390,18,2,18.237580203021167
2026-04-27,Display,Retargeting,109,3,0,2.356516387927714
2026-04-28,Social,Brand,4825,223,35,366.44739941226015
2026-04-28,Social,Performance,1881,42,7,71.16694179515332
2026-04-28,Social,Retargeting,2664,65,12,124.24675145100763
2026-04-28,Search,Brand,4197,98,15,165.1110642005688
2026-04-28,Search,Performance,5803,149,12,492.9580398642339
2026-04-28,Search,Retargeting,5266,134,21,480.9149812181324
2026-04-28,Email,Brand,4205,148,15,240.36001493518046
2026-04-28,Email,Performance,3858,55,9,67.48688514724536
2026-04-28,Email,Retargeting,4192,122,13,238.01062783776447
2026-04-28,Display,Brand,483,12,2,20.50083993786429
2026-04-28,Display,Performance,258,11,1,17.17010204644351
2026-04-28,Display,Retargeting,275,10,1,12.664561145675929
2026-04-29,Social,Brand,7819,78,6,153.34220731170072
2026-04-29,Social,Performance,3363,78,10,55.18907950391824
2026-04-29,Social,Retargeting,5083,81,14,113.43054632709935
2026-04-29,Search,Brand,6508,247,50,835.4305699804097
2026-04-29,Search,Performance,6615,156,26,282.0453778883235
2026-04-29,Search,Retargeting,3322,56,5,296.21092934584493
2026-04-29,Email,Brand,2269,76,10,91.97166516875244
2026-04-29,Email,Performance,4631,154,16,273.6747277629305
2026-04-29,Email,Retargeting,3404,139,28,107.40898061658513
2026-04-29,Display,Brand,119,5,0,8.417671334111006
2026-04-29,Display,Performance,203,7,0,5.723331551550405
2026-04-29,Display,Retargeting,140,5,1,7.782514869678854
2026-04-30,Social,Brand,4225,154,21,297.1707464250458
2026-04-30,Social,Performance,3259,123,12,78.60588259449479
2026-04-30,Social,Retargeting,2472,29,5,19.776680413240733
2026-04-30,Search,Brand,6007,255,37,448.26358073703364
2026-04-30,Search,Performance,5977,99,13,423.4600281806087
2026-04-30,Search,Retargeting,6304,209,19,427.69071862742635
2026-04-30,Email,Brand,1329,44,4,66.00125302490586
2026-04-30,Email,Performance,4518,49,5,54.479886225285085
2026-04-30,Email,Retargeting,4833,112,17,89.18939215398434
2026-04-30,Display,Brand,325,6,1,6.469982079611825
2026-04-30,Display,Performance,330,11,1,10.066443177196593
2026-04-30,Display,Retargeting,473,7,0,12.880749655423864
2026-05-01,Social,Brand,7023,211,26,338.80240901727626
2026-05-01,Social,Performance,4084,181,22,321.8756642112545
2026-05-01,Social,Retargeting,4444,46,7,74.1057870935972
2026-05-01,Search,Brand,2878,66,11,199.1682681281052
2026-05-01,Search,Performance,1603,55,6,202.16577606393395
2026-05-01,Search,Retargeting,6771,279,52,992.0347536202278
2026-05-01,Email,Brand,2995,58,6,72.92729625876211
2026-05-01,Email,Performance,4251,106,23,127.13427176292583
2026-05-01,Email,Retargeting,3838,43,3,75.30358497944447
2026-05-01,Display,Brand,147,5,0,9.578335835262768
2026-05-01,Display,Performance,330,6,0,3.3593027930737613
2026-05-01,Display,Retargeting,487,21,2,31.094282660420543
2026-05-02,Social,Brand,8706,196,17,205.83870627000292
2026-05-02,Social,Performance,7115,186,41,335.3274108815996
2026-05-02,Social,Retargeting,7720,344,56,533.6466997778421
2026-05-02,Search,Brand,7360,323,57,906.0789949567035
2026-05-02,Search,Performance,2929,118,13,345.87903380979003
2026-05-02,Search,Retargeting,2686,71,6,161.42606219380983
2026-05-02,Email,Brand,3159,108,16,94.45855703515555
2026-05-02,Email,Performance,2820,53,8,34.638183224365136
2026-05-02,Email,Retargeting,4326,60,4,116.73166698183442
2026-05-02,Display,Brand,363,16,2,8.253226938804556
2026-05-02,Display,Performance,292,13,2,8.959248786320506
2026-05-02,Display,Retargeting,193,7,1,5.186233797954739
2026-05-03,Social,Brand,4356,156,32,223.90024283187694
2026-05-03,Social,Performance,4888,110,22,133.59318811413922
2026-05-03,Social,Retargeting,5036,203,35,193.1442443278288
2026-05-03,Search,Brand,7234,117,15,285.5580001836881
2026-05-03,Search,Performance,7036,243,19,721.1671728892453
2026-05-03,Search,Retargeting,5314,106,14,563.1475085522192
2026-05-03,Email,Brand,3508,53,5,87.64036008619807
2026-05-03,Email,Performance,1067,46,9,44.935422490356565
2026-05-03,Email,Retargeting,3347,93,18,169.99082357970536
2026-05-03,Display,Brand,275,8,1,11.614677612898298
2026-05-03,Display,Performance,128,5,0,9.51545867250849
2026-05-03,Display,Retargeting,286,7,1,12.037159370748261
2026-05-04,Social,Brand,7462,354,41,353.38360921478
2026-05-04,Social,Performance,8350,293,62,584.9092186503907
2026-05-04,Social,Retargeting,4870,204,37,121.52113421360093
2026-05-04,Search,Brand,6999,137,14,793.9824438503887
2026-05-04,Search,Performance,5865,209,38,1232.008887894766
2026-05-04,Search,Retargeting,6028,117,19,512.6604631081929
2026-05-04,Email,Brand,2332,40,8,33.126302504652784
2026-05-04,Email,Performance,1225,49,6,69.20353619233383
2026-05-04,Email,Retargeting,1428,28,3,52.821001816207435
2026-05-04,Display,Brand,469,10,1,7.520300782890179
2026-05-04,Display,Performance,480,7,1,12.588497810995026
2026-05-04,Display,Retargeting,475,21,2,29.33095242214769
2026-05-05,Social,Brand,6013,251,21,231.79115858033614
2026-05-05,Social,Performance,3303,99,7,152.22043694900128
2026-05-05,Social,Retargeting,2242,93,14,151.17114322688388
2026-05-05,Search,Brand,5410,145,21,811.2294281992164
2026-05-05,Search,Performance,5140,125,19,591.0165485829564
2026-05-05,Search,Retargeting,6915,195,28,631.2596960344858
2026-05-05,Email,Brand,4491,180,32,323.18308415263215
2026-05-05,Email,Performance,1753,51,4,67.5533700199933
2026-05-05,Email,Retargeting,2847,111,22,92.24864555974571
2026-05-05,Display,Brand,431,13,1,25.45098337584695
2026-05-05,Display,Performance,116,3,0,5.277539553942979
2026-05-05,Display,Retargeting,140,3,0,2.0808206111889667
2026-05-06,Social,Brand,3360,129,28,103.47212083278366
2026-05-06,Social,Performance,8697,144,17,275.0236645433131
2026-05-06,Social,Retargeting,6069,62,8,61.61844722674969
2026-05-06,Search,Brand,1845,84,12,394.2557678447102
2026-05-06,Search,Performance,3700,141,21,290.58879369594007
2026-05-06,Search,Retargeting,2820,59,6,98.95057909213818
2026-05-06,Email,Brand,4848,57,4,44.6418893746295
2026-05-06,Email,Performance,3867,132,18,71.36711716257416
2026-05-06,Email,Retargeting,4555,147,13,207.8960489665988
2026-05-06,Display,Brand,144,3,0,3.646425266779442
2026-05-06,Display,Performance,433,13,2,21.811202746245403
2026-05-06,Display,Retargeting,326,11,2,21.3739652325323
2026-05-07,Social,Brand,3567,42,6,77.0977797240684
2026-05-07,Social,Performance,8258,129,20,119.17347676485662
2026-05-07,Social,Retargeting,4730,203,36,280.4324174243006
2026-05-07,Search,Brand,6745,223,19,489.56165289548574
2026-05-07,Search,Performance,2457,59,4,108.23583865925198
2026-05-07,Search,Retargeting,5596,75,9,438.7134732909336
2026-05-07,Email,Brand,3006,77,8,78.60069535343548
2026-05-07,Email,Performance,3248,33,6,63.44429286305149
2026-05-07,Email,Retargeting,4974,163,27,311.9098169500274
2026-05-07,Display,Brand,337,3,0,3.5247465342098683
2026-05-07,Display,Performance,365,14,1,25.210724443478398
2026-05-07,Display,Retargeting,175,5,0,5.542339445854281
2026-05-08,Social,Brand,2570,31,2,18.184960195217172
2026-05-08,Social,Performance,5837,199,21,261.82044051193645
2026-05-08,Social,Retargeting,1823,39,3,58.57819016846632
2026-05-08,Search,Brand,3349,83,15,188.16774807574328
2026-05-08,Search,Performance,1812,83,6,214.00770068164738
2026-05-08,Search,Retargeting,4420,129,25,528.1518082726922
2026-05-08,Email,Brand,4282,100,18,78.12566856784706
2026-05-08,Email,Performance,3156,95,10,48.79490248054833
2026-05-08,Email,Retargeting,1957,33,5,58.31748026881323
2026-05-08,Display,Brand,499,16,3,11.346805668923844
2026-05-08,Display,Performance,198,3,0,5.666223184995828
2026-05-08,Display,Retargeting,218,5,0,5.9342522134530356
2026-05-09,Social,Brand,6404,212,38,145.5661600189021
2026-05-09,Social,Performance,3963,191,21,195.21688524425235
2026-05-09,Social,Retargeting,3648,158,19,289.6958890562974
2026-05-09,Search,Brand,4861,150,26,409.5952978781114
2026-05-09,Search,Performance,2104,40,3,207.91543505737027
2026-05-09,Search,Retargeting,4896,118,14,437.73149397719123
2026-05-09,Email,Brand,3180,122,9,200.78573953663914
2026-05-09,Email,Performance,4942,130,18,177.4262730404723
2026-05-09,Email,Retargeting,3169,131,17,66.03215143971883
2026-05-09,Display,Brand,303,10,0,15.153084137413648
2026-05-09,Display,Performance,170,5,1,4.587007456140773
2026-05-09,Display,Retargeting,141,6,0,10.594315772924755
2026-05-10,Social,Brand,4390,82,7,158.2567816126318
2026-05-10,Social,Performance,4683,59,8,48.97797084518361
2026-05-10,Social,Retargeting,4125,131,12,122.43154880455918
2026-05-10,Search,Brand,3828,79,14,375.3172471767901
2026-05-10,Search,Performance,7464,139,18,453.018850489147
2026-05-10,Search,Retargeting,6880,308,42,1077.9323271731976
2026-05-10,Email,Brand,1868,23,2,20.704411955467165
2026-05-10,Email,Performance,3667,100,8,161.99048069663058
2026-05-10,Email,Retargeting,2164,52,9,50.40106740688916
2026-05-10,Display,Brand,135,4,0,6.6663049344353045
2026-05-10,Display,Performance,106,2,0,3.2987364182811367
2026-05-10,Display,Retargeting,239,3,0,5.172415588114176
2026-05-11,Social,Brand,6197,242,43,479.4147554493286
2026-05-11,Social,Performance,5097,72,11,93.39975859843666
2026-05-11,Social,Retargeting,3544,57,10,77.0869666909797
2026-05-11,Search,Brand,1758,17,1,65.1483986326864
2026-05-11,Search,Performance,4375,199,31,864.2074256114561
2026-05-11,Search,Retargeting,4813,133,10,468.3869928416836
2026-05-11,Email,Brand,2089,98,9,144.91396545956312
2026-05-11,Email,Performance,3785,76,10,53.19440542136774
2026-05-11,Email,Retargeting,4728,133,13,127.17270796887323
2026-05-11,Display,Brand,174,7,1,11.561528486000546
2026-05-11,Display,Performance,467,12,0,14.991870033684084
2026-05-11,Display,Retargeting,104,3,0,3.879182939478237
2026-05-12,Social,Brand,7282,312,27,561.3739757507058
2026-05-12,Social,Performance,8686,188,29,131.62340661754442
2026-05-12,Social,Retargeting,6723,335,36,219.3663660616973
2026-05-12,Search,Brand,6643,105,21,407.06942617987823
2026-05-12,Search,Performance,5592,115,24,397.9602942182853
2026-05-12,Search,Retargeting,5685,245,41,450.49478510847024
2026-05-12,Email,Brand,4385,152,16,177.42337392964072
2026-05-12,Email,Performance,2582,52,6,99.55265715754858
2026-05-12,Email,Retargeting,3785,184,26,231.9318951595639
2026-05-12,Display,Brand,421,16,1,23.33858832787295
2026-05-12,Display,Performance,322,8,1,13.46915333978508
2026-05-12,Display,Retargeting,102,4,0,6.180133927239181
2026-05-13,Social,Brand,8067,152,20,155.2943878951463
2026-05-13,Social,Performance,1917,24,4,35.26715761166573
2026-05-13,Social,Retargeting,4910,150,23,132.39602238728537
2026-05-13,Search,Brand,5916,274,38,460.2558510617543
2026-05-13,Search,Performance,3111,43,3,179.18668889539686
2026-05-13,Search,Retargeting,2953,36,5,129.98204023429713
2026-05-13,Email,Brand,1188,56,6,61.4286690959836
2026-05-13,Email,Performance,3132,39,8,40.56350426294747
2026-05-13,Email,Retargeting,1969,71,14,115.32660258954557
2026-05-13,Display,Brand,441,17,1,16.54954626968368
2026-05-13,Display,Performance,278,10,0,5.178769744673631
2026-05-13,Display,Retargeting,125,5,1,5.867783202774712
2026-05-14,Social,Brand,7887,234,48,375.62608596877794
2026-05-14,Social,Performance,7489,148,20,260.22233276189
2026-05-14,Social,Retargeting,5274,126,17,189.94378365860285
2026-05-14,Search,Brand,2227,31,6,160.96079684037926
2026-05-14,Search,Performance,3706,143,21,604.3025255902213
2026-05-14,Search,Retargeting,3781,89,13,170.08697371078412
2026-05-14,Email,Brand,2689,107,19,193.07344146602802
2026-05-14,Email,Performance,4436,77,6,106.39072090242959
2026-05-14,Email,Retargeting,4815,72,11,47.825025035881914
2026-05-14,Display,Brand,115,4,0,4.097686392846333
2026-05-14,Display,Performance,355,17,3,19.73884554764872
2026-05-14,Display,Retargeting,284,9,1,14.512735741389612
2026-05-15,Social,Brand,8028,367,65,339.7307676443728
2026-05-15,Social,Performance,3745,56,9,100.12240898652985
2026-05-15,Social,Retargeting,3873,50,7,50.747572689680574
2026-05-15,Search,Brand,3222,136,22,582.3904328603965
2026-05-15,Search,Performance,3901,50,8,257.0688308227668
2026-05-15,Search,Retargeting,2491,99,20,275.973161415179
2026-05-15,Email,Brand,3624,39,5,21.431198250169146
2026-05-15,Email,Performance,1748,58,5,90.9631578504128
2026-05-15,Email,Retargeting,2354,44,7,25.173211920105715
2026-05-15,Display,Brand,389,7,0,11.469256734467322
2026-05-15,Display,Performance,358,6,0,9.783481589059166
2026-05-15,Display,Retargeting,329,6,0,9.150864736415434
2026-05-16,Social,Brand,5043,218,32,407.1039627826715
2026-05-16,Social,Performance,5148,134,29,125.74204030461696
2026-05-16,Social,Retargeting,3826,176,14,307.9210456804425
2026-05-16,Search,Brand,3093,144,16,796.4885940510062
2026-05-16,Search,Performance,4338,207,21,882.1458893693247
2026-05-16,Search,Retargeting,7498,365,52,2100.837065614383
2026-05-16,Email,Brand,2051,63,9,38.21303632261575
2026-05-16,Email,Performance,4869,66,6,43.361383594301635
2026-05-16,Email,Retargeting,2849,86,7,97.62917919316392
2026-05-16,Display,Brand,479,17,1,10.989055971779287
2026-05-16,Display,Performance,269,3,0,2.24220312083729
2026-05-16,Display,Retargeting,248,8,1,12.125491161790768
2026-05-17,Social,Brand,6175,75,5,49.061427298100455
2026-05-17,Social,Performance,2881,81,16,109.69391691000696
2026-05-17,Social,Retargeting,3772,101,12,78.28868198994033
2026-05-17,Search,Brand,1762,65,14,385.78821468119406
2026-05-17,Search,Performance,5877,89,18,243.647421381363
2026-05-17,Search,Retargeting,6552,270,57,870.1425746436487
2026-05-17,Email,Brand,1139,33,3,20.375932688738096
2026-05-17,Email,Performance,4460,180,38,344.0027319933045
2026-05-17,Email,Retargeting,2872,138,15,198.19147794945044
2026-05-17,Display,Brand,109,4,0,2.0222144409945013
2026-05-17,Display,Performance,418,16,1,25.26531573379569
2026-05-17,Display,Retargeting,320,11,1,13.05277298324252
2026-05-18,Social,Brand,7637,350,75,689.3968560749925
2026-05-18,Social,Performance,6611,223,20,117.15733157377767
2026-05-18,Social,Retargeting,4941,229,23,116.91924117339272
2026-05-18,Search,Brand,6576,121,13,542.4271543670754
2026-05-18,Search,Performance,3172,61,5,302.870827211125
2026-05-18,Search,Retargeting,4386,67,14,391.25250006184996
2026-05-18,Email,Brand,2055,80,12,65.5844717666962
2026-05-18,Email,Performance,2052,87,11,55.03580421265197
2026-05-18,Email,Retargeting,2945,76,10,96.66004409970601
2026-05-18,Display,Brand,476,7,1,12.118914597262851
2026-05-18,Display,Performance,241,2,0,2.973848457344878
2026-05-18,Display,Retargeting,103,3,0,3.7353454260269303
2026-05-19,Social,Brand,4761,139,11,196.92300758954482
2026-05-19,Social,Performance,8811,149,19,216.93703198624834
2026-05-19,Social,Retargeting,7455,112,18,106.37887709860291
2026-05-19,Search,Brand,3807,110,21,378.87330610797574
2026-05-19,Search,Performance,2715,69,14,356.125536550564
2026-05-19,Search,Retargeting,3760,128,21,432.41257447707267
2026-05-19,Email,Brand,1596,55,4,80.60688402180803
2026-05-19,Email,Performance,4764,92,9,147.57288525879704
2026-05-19,Email,Retargeting,1891,65,13,126.01071362253434
2026-05-19,Display,Brand,418,18,3,19.98289121144414
2026-05-19,Display,Performance,376,4,0,7.672969163357001
2026-05-19,Display,Retargeting,307,8,1,6.39554569191901
2026-05-20,Social,Brand,6228,167,30,194.39477234284266
2026-05-20,Social,Performance,5403,112,24,120.3277063582573
2026-05-20,Social,Retargeting,8883,163,18,235.0534485872518
2026-05-20,Search,Brand,6018,199,32,960.2122227654523
2026-05-20,Search,Performance,6724,247,35,912.801067052944
2026-05-20,Search,Retargeting,4165,50,10,232.9685775490117
2026-05-20,Email,Brand,3976,116,17,156.4582110094569
2026-05-20,Email,Performance,2392,107,22,53.62000719347023
2026-05-20,Email,Retargeting,1657,55,8,43.36605125470892
2026-05-20,Display,Brand,278,5,0,8.737934734788173
2026-05-20,Display,Performance,431,20,3,28.94633136028481
2026-05-20,Display,Retargeting,230,10,1,7.241543877774413
2026-05-21,Social,Brand,2880,100,14,166.69774573564052
2026-05-21,Social,Performance,2250,27,3,48.05169096236458
2026-05-21,Social,Retargeting,2205,84,11,107.17629338904314
2026-05-21,Search,Brand,6105,67,13,208.66486224941403
2026-05-21,Search,Performance,2554,85,7,496.93252581890073
2026-05-21,Search,Retargeting,3592,174,38,487.62867616750714
2026-05-21,Email,Brand,2475,101,17,143.59666822866166
2026-05-21,Email,Performance,3769,52,7,27.924256454157998
2026-05-21,Email,Retargeting,4791,237,31,378.9438145799618
2026-05-21,Display,Brand,252,10,2,14.528974810386213
2026-05-21,Display,Performance,370,9,0,4.765295017082445
2026-05-21,Display,Retargeting,286,4,0,3.7967463436055278
2026-05-22,Social,Brand,8523,87,15,151.21990639519603
2026-05-22,Social,Performance,8757,430,74,693.6044814624454
2026-05-22,Social,Retargeting,7875,92,15,88.63064575243972
2026-05-22,Search,Brand,3624,126,11,254.63594622166607
2026-05-22,Search,Performance,1923,92,12,457.5401185852655
2026-05-22,Search,Retargeting,2032,26,4,119.63422502001946
2026-05-22,Email,Brand,3553,168,33,283.41030000679206
2026-05-22,Email,Performance,4319,136,29,98.1618973239263
2026-05-22,Email,Retargeting,2108,101,8,73.21125186694165
2026-05-22,Display,Brand,377,18,2,19.79076605631535
2026-05-22,Display,Performance,316,15,1,10.718893936276555
2026-05-22,Display,Retargeting,215,8,0,4.594151556427523
2026-05-23,Social,Brand,1980,84,6,110.29392760844549
2026-05-23,Social,Performance,7034,271,53,406.7703968899173
2026-05-23,Social,Retargeting,4608,138,26,169.4551612507751
2026-05-23,Search,Brand,3519,126,12,683.6477174221801
2026-05-23,Search,Performance,7468,256,22,1124.8062645581142
2026-05-23,Search,Retargeting,7015,90,15,237.54555734018814
2026-05-23,Email,Brand,3734,55,9,104.58966788950738
2026-05-23,Email,Performance,1068,30,5,20.961179535386695
2026-05-23,Email,Retargeting,2969,109,21,97.12038829058706
2026-05-23,Display,Brand,376,16,3,10.381703958072343
2026-05-23,Display,Performance,403,16,1,18.740069352788197
2026-05-23,Display,Retargeting,199,7,0,10.042947464352167
2026-05-24,Social,Brand,6397,294,52,189.6184976167083
2026-05-24,Social,Performance,7912,153,27,277.00910893169186
2026-05-24,Social,Retargeting,4190,106,14,60.07693724491124
2026-05-24,Search,Brand,6573,178,17,827.9786589821223
2026-05-24,Search,Performance,7101,313,50,580.6727008216037
2026-05-24,Search,Retargeting,7290,345,52,1992.8084946567096
2026-05-24,Email,Brand,3445,107,17,181.3962820293287
2026-05-24,Email,Performance,2463,71,10,125.68260269912788
2026-05-24,Email,Retargeting,4814,154,25,292.8787967386497
2026-05-24,Display,Brand,297,9,0,15.218393643660473
2026-05-24,Display,Performance,161,5,0,9.837481057579359
2026-05-24,Display,Retargeting,134,6,0,4.519733604303318
2026-05-25,Social,Brand,5018,139,14,213.27806916367842
2026-05-25,Social,Performance,8658,275,43,284.58055498546656
2026-05-25,Social,Retargeting,8683,320,39,293.4938404258256
2026-05-25,Search,Brand,3466,68,9,334.4131655073849
2026-05-25,Search,Performance,3133,40,6,102.76080262219857
2026-05-25,Search,Retargeting,4504,184,23,742.7743199967908
2026-05-25,Email,Brand,2221,103,16,122.97329185320316
2026-05-25,Email,Performance,2144,38,7,39.09416675412949
2026-05-25,Email,Retargeting,3681,99,10,91.34690653387914
2026-05-25,Display,Brand,275,4,0,2.4916306342288768
2026-05-25,Display,Performance,149,2,0,3.2042778665481357
2026-05-25,Display,Retargeting,425,19,2,17.18766027740236
2026-05-26,Social,Brand,5070,150,21,83.56106511977046
2026-05-26,Social,Performance,3969,146,12,97.88848247458156
2026-05-26,Social,Retargeting,7045,178,35,320.0336473066735
2026-05-26,Search,Brand,2997,91,10,198.4427244874658
2026-05-26,Search,Performance,2121,77,8,420.4736149534047
2026-05-26,Search,Retargeting,7035,92,7,180.36552232710213
2026-05-26,Email,Brand,1387,52,4,92.25822553442731
2026-05-26,Email,Performance,3930,112,14,74.21126261639262
2026-05-26,Email,Retargeting,2436,35,6,22.500569033575648
2026-05-26,Display,Brand,498,14,2,26.869924773816486
2026-05-26,Display,Performance,272,10,1,15.871804624375791
2026-05-26,Display,Retargeting,399,6,0,9.69017606013011
2026-05-27,Social,Brand,7635,380,66,471.2835989015403
2026-05-27,Social,Performance,2467,54,6,57.15687498441687
2026-05-27,Social,Retargeting,4109,51,7,41.16103822717492
2026-05-27,Search,Brand,3663,44,4,76.45952699390328
2026-05-27,Search,Performance,1863,39,5,86.49926239881833
2026-05-27,Search,Retargeting,3811,118,18,267.7020780485979
2026-05-27,Email,Brand,2260,52,9,65.60466784528782
2026-05-27,Email,Performance,2503,36,7,19.187017999719636
2026-05-27,Email,Retargeting,1976,21,2,13.329397076906549
2026-05-27,Display,Brand,435,6,1,8.785259319775562
2026-05-27,Display,Performance,231,11,0,16.038098495986688
2026-05-27,Display,Retargeting,409,8,1,6.511672910010503
2026-05-28,Social,Brand,3000,103,7,189.62411207814654
2026-05-28,Social,Performance,5274,189,16,363.2173368164128
2026-05-28,Social,Retargeting,8760,257,31,432.63834527691427
2026-05-28,Search,Brand,7078,211,19,697.2213251905899
2026-05-28,Search,Performance,6819,322,29,871.2490449048225
2026-05-28,Search,Retargeting,5062,124,16,270.48702771633543
2026-05-28,Email,Brand,1737,42,5,71.99028129952758
2026-05-28,Email,Performance,2894,41,6,27.964373359740108
2026-05-28,Email,Retargeting,4715,60,7,75.28612503462101
2026-05-28,Display,Brand,276,12,1,9.140972755163194
2026-05-28,Display,Performance,200,9,0,9.281081656253182
2026-05-28,Display,Retargeting,187,8,1,15.037510861353235
2026-05-29,Social,Brand,6143,115,21,143.80011447198598
2026-05-29,Social,Performance,3848,131,13,222.19313884953704
2026-05-29,Social,Retargeting,5232,71,11,130.48448834589564
2026-05-29,Search,Brand,2001,47,3,155.16976716887538
2026-05-29,Search,Performance,6087,69,14,312.5010735926661
2026-05-29,Search,Retargeting,4111,76,7,405.22571278909055
2026-05-29,Email,Brand,2794,49,7,90.87254870172166
2026-05-29,Email,Performance,3763,185,16,176.6007487260907
2026-05-29,Email,Retargeting,4292,204,35,305.3136786973594
2026-05-29,Display,Brand,237,7,1,10.353645299660853
2026-05-29,Display,Performance,289,10,1,17.742048523754935
2026-05-29,Display,Retargeting,215,9,1,14.789531401120108
2026-05-30,Social,Brand,5907,149,21,106.15145425450893
2026-05-30,Social,Performance,3211,87,19,102.51407056327422
2026-05-30,Social,Retargeting,6161,245,53,386.31743835283373
2026-05-30,Search,Brand,3499,156,32,479.8309400810367
2026-05-30,Search,Performance,5983,233,28,1170.3954095490647
2026-05-30,Search,Retargeting,3046,33,5,73.79704857826943
2026-05-30,Email,Brand,2159,59,7,62.009635602039275
2026-05-30,Email,Performance,4935,168,33,307.9378126868024
2026-05-30,Email,Retargeting,2901,106,12,97.12612597948042
2026-05-30,Display,Brand,349,6,0,5.831077358346287
2026-05-30,Display,Performance,222,2,0,2.528526619672606
2026-05-30,Display,Retargeting,106,1,0,1.1635031870753232
2026-05-31,Social,Brand,3542,170,23,204.00420473687035
2026-05-31,Social,Performance,3456,67,14,72.32999778224911
2026-05-31,Social,Retargeting,2093,63,7,101.87894413902765
2026-05-31,Search,Brand,6646,176,33,977.0472937429969
2026-05-31,Search,Performance,2668,53,9,234.75676123462284
2026-05-31,Search,Retargeting,6459,272,54,1470.6805647534702
2026-05-31,Email,Brand,2500,123,20,192.44649214578826
2026-05-31,Email,Performance,2018,34,2,24.589244440426977
2026-05-31,Email,Retargeting,1230,57,12,74.71725374575301
2026-05-31,Display,Brand,328,15,1,12.203807897569488
2026-05-31,Display,Performance,134,3,0,3.6141194465190667
2026-05-31,Display,Retargeting,211,4,0,5.792734570694138
2026-06-01,Social,Brand,3486,105,20,157.08192592064736
2026-06-01,Social,Performance,5472,96,15,145.5547230105562
2026-06-01,Social,Retargeting,3328,38,7,66.17378489690174
2026-06-01,Search,Brand,4930,59,5,134.60981961137722
2026-06-01,Search,Performance,6555,72,8,256.91517956146816
2026-06-01,Search,Retargeting,2131,64,14,172.63909137675816
2026-06-01,Email,Brand,4190,136,11,152.38776681097423
2026-06-01,Email,Performance,3650,129,12,150.211020579725
2026-06-01,Email,Retargeting,4309,128,15,148.59579789936154
2026-06-01,Display,Brand,238,6,0,10.166571146485209
2026-06-01,Display,Performance,418,18,1,32.99218057180312
2026-06-01,Display,Retargeting,457,5,0,4.744363144451204
2026-06-02,Social,Brand,7318,87,11,155.28264452317532
2026-06-02,Social,Performance,3824,57,6,104.24634078491283
2026-06-02,Social,Retargeting,5262,245,46,308.1299667359223
2026-06-02,Search,Brand,5521,251,23,756.4024983252498
2026-06-02,Search,Performance,1771,24,4,77.82257320597529
2026-06-02,Search,Retargeting,7392,153,25,726.2177446699403
2026-06-02,Email,Brand,3026,60,8,36.79799422412169
2026-06-02,Email,Performance,1581,51,8,34.27775981287168
2026-06-02,Email,Retargeting,4770,214,38,336.0823159124914
2026-06-02,Display,Brand,254,9,0,12.536237354904737
2026-06-02,Display,Performance,373,18,3,20.636672561744145
2026-06-02,Display,Retargeting,265,8,1,15.96219141137728
2026-06-03,Social,Brand,6320,71,10,99.46460600843496
2026-06-03,Social,Performance,8378,290,39,162.87082875566654
2026-06-03,Social,Retargeting,4882,240,42,437.94949905249905
2026-06-03,Search,Brand,2739,56,11,97.9506738684792
2026-06-03,Search,Performance,6268,152,17,875.4734237803837
2026-06-03,Search,Retargeting,4089,148,29,653.2481838497288
2026-06-03,Email,Brand,4450,141,24,229.92197473252858
2026-06-03,Email,Performance,4728,69,10,47.631337704530154
2026-06-03,Email,Retargeting,2810,98,12,108.65437755343993
2026-06-03,Display,Brand,335,5,0,9.628776711918512
2026-06-03,Display,Performance,194,8,0,7.323455417495318
2026-06-03,Display,Retargeting,277,6,0,4.959298189715092
2026-06-04,Social,Brand,9494,263,54,293.7697995356729
2026-06-04,Social,Performance,5852,110,21,88.19391332766511
2026-06-04,Social,Retargeting,6544,322,64,178.3714602510784
2026-06-04,Search,Brand,1551,65,12,365.1781049684321
2026-06-04,Search,Performance,3837,91,19,221.12038421315336
2026-06-04,Search,Retargeting,6636,290,56,1098.565141076974
2026-06-04,Email,Brand,2151,75,14,61.0594879674586
2026-06-04,Email,Performance,4384,71,7,58.05650296238004
2026-06-04,Email,Retargeting,1705,82,14,152.65334842967226
2026-06-04,Display,Brand,447,4,0,4.192201049303916
2026-06-04,Display,Performance,414,18,1,12.118658386224586
2026-06-04,Display,Retargeting,157,2,0,3.6038999260063935
2026-06-05,Social,Brand,8868,403,58,568.4152487877934
2026-06-05,Social,Performance,5442,265,42,266.2165050526565
2026-06-05,Social,Retargeting,7690,229,20,306.5634414950296
2026-06-05,Search,Brand,5511,108,20,526.6321091232811
2026-06-05,Search,Performance,5244,161,26,247.65504670092326
2026-06-05,Search,Retargeting,5269,58,6,231.58615691822973
2026-06-05,Email,Brand,4949,198,43,170.32502401853822
2026-06-05,Email,Performance,1597,54,7,81.79424362288529
2026-06-05,Email,Retargeting,4843,117,21,156.80035501814066
2026-06-05,Display,Brand,250,5,0,6.623234134495149
2026-06-05,Display,Performance,320,4,0,2.4672739345477446
2026-06-05,Display,Retargeting,216,9,0,9.579096607876078
2026-06-06,Social,Brand,3038,99,20,189.3729797081724
2026-06-06,Social,Performance,4204,188,28,217.41625734944378
2026-06-06,Social,Retargeting,6320,182,14,143.15996404155578
2026-06-06,Search,Brand,5187,125,12,578.5048964694942
2026-06-06,Search,Performance,2439,107,20,291.61986374269134
2026-06-06,Search,Retargeting,5263,58,11,322.39839822645996
2026-06-06,Email,Brand,3855,120,19,125.88508783437274
2026-06-06,Email,Performance,1202,37,5,32.84079195680554
2026-06-06,Email,Retargeting,1891,59,12,56.789162768343594
2026-06-06,Display,Brand,102,1,0,0.5856421407648259
2026-06-06,Display,Performance,132,1,0,0.79950460706097
2026-06-06,Display,Retargeting,419,11,1,10.544085240873061
2026-06-07,Social,Brand,7834,205,30,268.80432217124843
2026-06-07,Social,Performance,4678,228,26,138.31986220899537
2026-06-07,Social,Retargeting,6630,213,38,238.13966759505422
2026-06-07,Search,Brand,3880,124,26,714.9078006354804
2026-06-07,Search,Performance,1774,41,8,169.86974075219393
2026-06-07,Search,Retargeting,7273,203,38,1029.941922142431
2026-06-07,Email,Brand,3462,131,11,163.26451059939447
2026-06-07,Email,Performance,2644,121,25,184.95686754167957
2026-06-07,Email,Retargeting,2585,70,7,80.99228861678458
2026-06-07,Display,Brand,468,8,0,9.015622096166645
2026-06-07,Display,Performance,473,7,0,11.158862211628675
2026-06-07,Display,Retargeting,208,6,0,6.1204688511232
2026-06-08,Social,Brand,8438,353,42,215.07158505018327
2026-06-08,Social,Performance,6886,273,26,189.86521612338365
2026-06-08,Social,Retargeting,3728,133,27,74.80798245682607
2026-06-08,Search,Brand,6004,91,18,396.0342551040143
2026-06-08,Search,Performance,5566,250,20,668.656940477829
2026-06-08,Search,Retargeting,5052,97,19,280.5393773479256
2026-06-08,Email,Brand,4236,132,17,124.88387974827396
2026-06-08,Email,Performance,2308,73,6,123.01938542300886
2026-06-08,Email,Retargeting,3957,105,12,97.21081360053734
2026-06-08,Display,Brand,142,5,0,5.166473478640057
2026-06-08,Display,Performance,368,9,1,4.835603464863221
2026-06-08,Display,Retargeting,196,4,0,4.756076061036937
2026-06-09,Social,Brand,9264,388,44,336.3225378168622
2026-06-09,Social,Performance,5830,268,24,227.29558830219833
2026-06-09,Social,Retargeting,6394,119,11,61.74513952878587
2026-06-09,Search,Brand,2467,33,4,83.76408664574748
2026-06-09,Search,Performance,5250,176,36,967.9732379275881
2026-06-09,Search,Retargeting,4555,123,20,234.1225099889483
2026-06-09,Email,Brand,3621,38,5,67.89255630980368
2026-06-09,Email,Performance,1238,35,3,66.50639302561724
2026-06-09,Email,Retargeting,3967,64,11,100.04472943099078
2026-06-09,Display,Brand,299,3,0,5.723014381846834
2026-06-09,Display,Performance,359,14,2,20.425204925974608
2026-06-09,Display,Retargeting,302,8,1,12.150060394455913
2026-06-10,Social,Brand,3398,135,30,214.2985674977229
2026-06-10,Social,Performance,5058,163,19,102.63886049087725
2026-06-10,Social,Retargeting,7932,384,38,294.27336175481634
2026-06-10,Search,Brand,3277,163,19,450.21379000150057
2026-06-10,Search,Performance,4263,145,12,852.0709284009646
2026-06-10,Search,Retargeting,6199,286,63,727.9567848221345
2026-06-10,Email,Brand,2870,59,6,74.75350944695775
2026-06-10,Email,Performance,2731,96,9,109.89570108187237
2026-06-10,Email,Retargeting,3151,51,3,49.42256707832154
2026-06-10,Display,Brand,254,3,0,3.668550751994898
2026-06-10,Display,Performance,413,14,1,15.40062235571212
2026-06-10,Display,Retargeting,441,20,3,35.517405919197984
2026-06-11,Social,Brand,6802,179,22,123.05083799355886
2026-06-11,Social,Performance,2664,60,8,55.70216546147727
2026-06-11,Social,Retargeting,7564,377,38,272.2277939909332
2026-06-11,Search,Brand,7405,90,8,223.85270262447972
2026-06-11,Search,Performance,4719,148,28,766.8573761022844
2026-06-11,Search,Retargeting,5256,142,17,415.2235530152976
2026-06-11,Email,Brand,3756,52,4,77.98901487925993
2026-06-11,Email,Performance,1559,45,4,38.40070058512884
2026-06-11,Email,Retargeting,2077,98,16,167.98584080403378
2026-06-11,Display,Brand,453,13,2,25.3325236557436
2026-06-11,Display,Performance,490,9,0,11.487592778226405
2026-06-11,Display,Retargeting,395,14,1,26.562432549236924
2026-06-12,Social,Brand,5864,149,18,283.50794092617485
2026-06-12,Social,Performance,4696,76,9,108.57983960532339
2026-06-12,Social,Retargeting,7352,158,25,219.15035386061064
2026-06-12,Search,Brand,4837,71,6,397.0672506597037
2026-06-12,Search,Performance,3207,139,16,525.9469385905668
2026-06-12,Search,Retargeting,6595,84,9,478.10336625535405
2026-06-12,Email,Brand,1144,43,7,28.41742076048207
2026-06-12,Email,Performance,3524,123,14,229.31874523742192
2026-06-12,Email,Retargeting,2151,53,5,95.89000361518896
2026-06-12,Display,Brand,320,4,0,3.8201856932850227
2026-06-12,Display,Performance,357,8,0,5.827482964811863
2026-06-12,Display,Retargeting,261,7,0,10.010014001512786
2026-06-13,Social,Brand,7482,173,20,210.61461171911566
2026-06-13,Social,Performance,4506,79,15,70.97213039942214
2026-06-13,Social,Retargeting,6304,65,5,84.72685601849093
2026-06-13,Search,Brand,2071,98,21,238.23049706122893
2026-06-13,Search,Performance,6942,303,44,1353.5337975547036
2026-06-13,Search,Retargeting,7128,328,70,1058.1454691267631
2026-06-13,Email,Brand,3465,101,9,67.98354833613283
2026-06-13,Email,Performance,1185,27,3,22.80350948917088
2026-06-13,Email,Retargeting,1018,45,7,73.99223340838734
2026-06-13,Display,Brand,225,2,0,3.40574185850838
2026-06-13,Display,Performance,149,3,0,1.8136081352855382
2026-06-13,Display,Retargeting,301,5,0,4.689003827772998
2026-06-14,Social,Brand,3428,137,24,177.661815121427
2026-06-14,Social,Performance,3738,98,21,56.12424217394589
2026-06-14,Social,Retargeting,6520,287,59,380.02901759020614
2026-06-14,Search,Brand,5142,134,23,621.9365394812512
2026-06-14,Search,Performance,2650,117,20,444.85245650540816
2026-06-14,Search,Retargeting,5809,88,19,320.16766294496085
2026-06-14,Email,Brand,2465,80,10,130.86269436183633
2026-06-14,Email,Performance,3764,159,32,240.01244765984947
2026-06-14,Email,Retargeting,4155,53,6,96.63768894115083
2026-06-14,Display,Brand,246,4,0,2.1207303311184442
2026-06-14,Display,Performance,349,6,1,3.8379644085755107
2026-06-14,Display,Retargeting,266,11,1,14.422632916458959
2026-06-15,Social,Brand,4024,87,11,109.91690242171185
2026-06-15,Social,Performance,8634,224,48,327.7490389685751
2026-06-15,Social,Retargeting,4556,122,21,226.2177631875815
2026-06-15,Search,Brand,7326,266,38,637.1189464146609
2026-06-15,Search,Performance,2335,77,13,409.9704624928688
2026-06-15,Search,Retargeting,2908,79,14,412.8273213408586
2026-06-15,Email,Brand,4159,48,4,62.63574066699175
2026-06-15,Email,Performance,4911,118,14,142.64592598876246
2026-06-15,Email,Retargeting,2156,58,8,42.6913277514422
2026-06-15,Display,Brand,219,9,1,9.208276839847194
2026-06-15,Display,Performance,215,2,0,2.739211344819316
2026-06-15,Display,Retargeting,443,12,2,20.775124260687317
2026-06-16,Social,Brand,4688,54,5,94.33091021228535
2026-06-16,Social,Performance,9308,349,46,355.68779983606737
2026-06-16,Social,Retargeting,6316,63,7,51.177905913476266
2026-06-16,Search,Brand,3999,42,4,177.65902912763903
2026-06-16,Search,Performance,6141,185,37,478.42362844471864
2026-06-16,Search,Retargeting,2884,37,7,93.48962463952581
2026-06-16,Email,Brand,4683,199,43,336.1097493103577
2026-06-16,Email,Performance,2703,70,6,111.93351930643475
2026-06-16,Email,Retargeting,3243,82,8,123.00518921376418
2026-06-16,Display,Brand,459,9,1,10.631894666830842
2026-06-16,Display,Performance,472,22,4,16.071576481639145
2026-06-16,Display,Retargeting,259,9,1,9.829898318856458
2026-06-17,Social,Brand,4686,50,10,30.874529136191388
2026-06-17,Social,Performance,8852,346,27,279.4921271675948
2026-06-17,Social,Retargeting,2560,71,14,67.73533590533737
2026-06-17,Search,Brand,1719,50,7,101.94302741261967
2026-06-17,Search,Performance,1932,54,8,179.1662368426493
2026-06-17,Search,Retargeting,6624,316,48,1436.8273619623424
2026-06-17,Email,Brand,1269,44,6,44.29592485922323
2026-06-17,Email,Performance,1071,32,3,24.780300446180064
2026-06-17,Email,Retargeting,1496,15,1,29.391636786420932
2026-06-17,Display,Brand,137,4,0,5.443851050190451
2026-06-17,Display,Performance,173,7,1,3.5944859014741852
2026-06-17,Display,Retargeting,221,8,1,9.810213979871161
2026-06-18,Social,Brand,4806,54,8,69.45652808327523
2026-06-18,Social,Performance,7546,168,14,106.91573337808637
2026-06-18,Social,Retargeting,4150,166,23,93.74940242487241
2026-06-18,Search,Brand,7081,238,47,403.76085465163214
2026-06-18,Search,Performance,6547,137,30,403.7305396732877
2026-06-18,Search,Retargeting,2959,143,23,382.8855244312354
2026-06-18,Email,Brand,2054,60,10,77.52427041034193
2026-06-18,Email,Performance,1252,33,6,61.95510925130791
2026-06-18,Email,Retargeting,2777,104,10,174.87758709237764
2026-06-18,Display,Brand,337,14,1,21.544028801629217
2026-06-18,Display,Performance,109,1,0,1.2378017328758102
2026-06-18,Display,Retargeting,294,9,0,14.836306545519971
2026-06-19,Social,Brand,2554,53,6,101.63723467521851
2026-06-19,Social,Performance,3676,170,26,219.42256004629104
2026-06-19,Social,Retargeting,5884,173,32,311.44892778052366
2026-06-19,Search,Brand,4200,207,38,1031.7149440831752
2026-06-19,Search,Performance,5775,88,16,236.8672634242143
2026-06-19,Search,Retargeting,3754,131,22,721.8628700683668
2026-06-19,Email,Brand,1509,41,6,67.85337751970596
2026-06-19,Email,Performance,2248,43,5,74.42025155527506
2026-06-19,Email,Retargeting,3638,156,23,186.06271668551236
2026-06-19,Display,Brand,124,2,0,1.210304440802326
2026-06-19,Display,Performance,223,7,1,10.966779078660501
2026-06-19,Display,Retargeting,265,9,0,14.709153462518879
2026-06-20,Social,Brand,8514,167,24,305.65130063697427
2026-06-20,Social,Performance,3572,151,19,98.3646498905632
2026-06-20,Social,Retargeting,9512,472,89,385.054169815954
2026-06-20,Search,Brand,4537,104,23,219.06172008126467
2026-06-20,Search,Performance,1683,68,7,384.2003353553872
2026-06-20,Search,Retargeting,6273,106,10,280.5241386787518
2026-06-20,Email,Brand,1711,55,8,69.1569563373755
2026-06-20,Email,Performance,2212,93,19,83.19354676668077
2026-06-20,Email,Retargeting,3724,151,32,290.0650126771719
2026-06-20,Display,Brand,156,5,1,3.120537276153037
2026-06-20,Display,Performance,271,12,1,10.549785479120953
2026-06-20,Display,Retargeting,222,8,1,15.322637747792912
2026-06-21,Social,Brand,5010,84,9,106.14828653362778
2026-06-21,Social,Performance,7194,296,26,195.6919604936825
2026-06-21,Social,Retargeting,9712,461,97,884.7112898945969
2026-06-21,Search,Brand,7039,193,30,1130.1817684947064
2026-06-21,Search,Performance,7396,361,73,720.2237879716946
2026-06-21,Search,Retargeting,3103,73,11,133.52731436361628
2026-06-21,Email,Brand,4686,55,8,55.43070726355674
2026-06-21,Email,Performance,3107,48,8,35.84962641937221
2026-06-21,Email,Retargeting,2240,61,12,113.3607655879416
2026-06-21,Display,Brand,273,9,1,15.643687398249849
2026-06-21,Display,Performance,378,13,2,9.676601762309184
2026-06-21,Display,Retargeting,291,6,0,10.498887191620213
2026-06-22,Social,Brand,5802,267,32,354.7113743889289
2026-06-22,Social,Performance,9494,467,103,881.4463522386419
2026-06-22,Social,Retargeting,8672,175,18,263.36279135054474
2026-06-22,Search,Brand,1806,41,7,76.19614964596802
2026-06-22,Search,Performance,5859,149,22,461.52422515324804
2026-06-22,Search,Retargeting,1986,29,2,62.74256436197459
2026-06-22,Email,Brand,3985,108,22,102.8359021985282
2026-06-22,Email,Performance,3107,125,27,186.06900270606275
2026-06-22,Email,Retargeting,3072,37,3,53.05149148982782
2026-06-22,Display,Brand,138,5,1,9.457559061246394
2026-06-22,Display,Performance,143,6,1,9.501361568695186
2026-06-22,Display,Retargeting,304,9,0,13.177483425808179
2026-06-23,Social,Brand,2978,146,14,179.7554559666103
2026-06-23,Social,Performance,6920,336,65,485.73047966420256
2026-06-23,Social,Retargeting,4778,100,20,56.087856820204266
2026-06-23,Search,Brand,5944,120,21,439.2099953160953
2026-06-23,Search,Performance,2964,33,7,127.6993489745837
2026-06-23,Search,Retargeting,2770,56,4,252.46323509004768
2026-06-23,Email,Brand,4775,55,9,64.02571403578281
2026-06-23,Email,Performance,4159,185,20,261.13561322058627
2026-06-23,Email,Retargeting,2499,95,8,75.11495102832806
2026-06-23,Display,Brand,312,11,1,7.114640544821426
2026-06-23,Display,Performance,448,8,1,15.306225453875662
2026-06-23,Display,Retargeting,220,2,0,3.3507516842286513
2026-06-24,Social,Brand,9686,200,34,260.08507939276325
2026-06-24,Social,Performance,2222,67,13,68.65523712841373
2026-06-24,Social,Retargeting,2032,61,7,72.12799608104297
2026-06-24,Search,Brand,6715,248,47,993.2571707928371
2026-06-24,Search,Performance,5791,67,10,264.6550916429743
2026-06-24,Search,Retargeting,5953,77,13,176.51263234548966
2026-06-24,Email,Brand,4737,84,17,130.76619818787228
2026-06-24,Email,Performance,3496,126,16,99.76956627328323
2026-06-24,Email,Retargeting,3727,92,13,125.91991295683677
2026-06-24,Display,Brand,221,3,0,3.8362336780854323
2026-06-24,Display,Performance,107,1,0,0.6814409933577386
2026-06-24,Display,Retargeting,302,4,0,3.5059232378964245
2026-06-25,Social,Brand,2012,27,3,20.5788619593289
2026-06-25,Social,Performance,5746,250,40,357.10068603628764
2026-06-25,Social,Retargeting,5132,70,15,65.05719871523424
2026-06-25,Search,Brand,2074,80,6,185.94102987418538
2026-06-25,Search,Performance,6847,215,25,382.10572577046395
2026-06-25,Search,Retargeting,7287,110,8,506.3710672311585
2026-06-25,Email,Brand,1840,23,4,31.248066545887898
2026-06-25,Email,Performance,2909,87,14,110.46868713113867
2026-06-25,Email,Retargeting,2794,136,13,189.81179048316267
2026-06-25,Display,Brand,211,5,0,6.371011035058734
2026-06-25,Display,Performance,255,9,1,8.534653048622713
2026-06-25,Display,Retargeting,264,3,0,2.38305426759535
2026-06-26,Social,Brand,5720,100,17,72.27247745079266
2026-06-26,Social,Performance,5432,134,12,129.235993810572
2026-06-26,Social,Retargeting,9516,433,78,356.87383592752104
2026-06-26,Search,Brand,4282,75,7,120.27839233723
2026-06-26,Search,Performance,7071,217,44,330.81578202568585
2026-06-26,Search,Retargeting,3184,48,8,88.23087788635868
2026-06-26,Email,Brand,2805,112,24,185.7110400120559
2026-06-26,Email,Performance,2494,80,9,118.09935405871937
2026-06-26,Email,Retargeting,4242,75,15,89.09811353412104
2026-06-26,Display,Brand,334,11,2,21.981927546090766
2026-06-26,Display,Performance,285,14,3,13.730224850766493
2026-06-26,Display,Retargeting,475,13,1,24.319383191186414
2026-06-27,Social,Brand,8426,388,61,699.4531200000118
2026-06-27,Social,Performance,4838,174,29,174.21132884218804
2026-06-27,Social,Retargeting,7688,180,21,95.41241987379246
2026-06-27,Search,Brand,6274,162,24,729.5459217591629
2026-06-27,Search,Performance,4681,148,11,285.3323693753459
2026-06-27,Search,Retargeting,2344,36,5,134.40428894806936
2026-06-27,Email,Brand,1991,39,8,67.06927431928312
2026-06-27,Email,Performance,4191,142,27,94.292807362319
2026-06-27,Email,Retargeting,1469,55,5,49.91587030546267
2026-06-27,Display,Brand,263,3,0,5.326429686709195
2026-06-27,Display,Performance,301,14,1,17.63336161889706
2026-06-27,Display,Retargeting,401,6,0,8.011365242504768
2026-06-28,Social,Brand,9730,362,40,660.867230135443
2026-06-28,Social,Performance,4368,206,41,410.604435716565
2026-06-28,Social,Retargeting,9148,443,84,545.9817576577741
2026-06-28,Search,Brand,2697,57,6,287.3592925412781
2026-06-28,Search,Performance,5535,127,23,566.4262877906804
2026-06-28,Search,Retargeting,2290,89,11,378.8800800421801
2026-06-28,Email,Brand,3528,73,14,83.31187455661359
2026-06-28,Email,Performance,4695,62,5,51.8861615868128
2026-06-28,Email,Retargeting,3250,91,13,50.49995372223885
2026-06-28,Display,Brand,343,8,1,8.724182631887354
2026-06-28,Display,Performance,352,15,2,16.90291838539671
2026-06-28,Display,Retargeting,481,8,0,13.354380181887196
2026-06-29,Social,Brand,7066,336,55,221.05364189013434
2026-06-29,Social,Performance,5746,151,26,180.7896078542058
2026-06-29,Social,Retargeting,3468,70,12,91.97042251623593
2026-06-29,Search,Brand,1504,46,9,221.25278609927133
2026-06-29,Search,Performance,7407,260,33,732.4255915385263
2026-06-29,Search,Retargeting,2070,94,20,164.33123782455525
2026-06-29,Email,Brand,1165,45,4,86.71925514269805
2026-06-29,Email,Performance,2207,35,6,17.938621969037275
2026-06-29,Email,Retargeting,4773,90,19,110.89410035868599
2026-06-29,Display,Brand,413,15,2,16.372675792889947
2026-06-29,Display,Performance,433,16,2,19.741517604910708
2026-06-29,Display,Retargeting,488,13,2,16.676314758977487
2026-06-30,Social,Brand,5072,140,30,80.04615062647815
2026-06-30,Social,Performance,9326,427,39,847.7375334209548
2026-06-30,Social,Retargeting,9032,225,24,360.51205066861536
2026-06-30,Search,Brand,4077,149,15,612.5432308395245
2026-06-30,Search,Performance,3852,179,35,951.274285419705
2026-06-30,Search,Retargeting,4569,159,19,389.61950901967947
2026-06-30,Email,Brand,1746,38,7,66.91440649807194
2026-06-30,Email,Performance,4733,93,13,91.21479526950614
2026-06-30,Email,Retargeting,1656,77,16,60.386111851404294
2026-06-30,Display,Brand,374,12,1,18.431209357464148
2026-06-30,Display,Performance,137,5,0,3.5917563237492676
2026-06-30,Display,Retargeting,172,7,1,8.63035172171884
